Workbook
Name Slicer_الحالة_الفنية: #N/A
Name Slicer_نوع_السيارة_تفصيلي: #N/A
Name STKB_CVD_destype_cache_desformat_xml: 'بيان بالآليات'!#REF!
Name STKB_CVD_destype_cache_desformat_xml: 'قاعدة البيانات'!#REF!
Name شعبة_ابحر: Table3[شعبة ابحر]
Name شعبة_ابحر: Table3[شعبة ابحر]
Name شعبة_الاسكان: Table3[شعبة الاسكان]
Name شعبة_الاسكان: Table3[شعبة الاسكان]
Name شعبة_البغدادية: Table3[شعبة البغدادية]
Name شعبة_البغدادية: Table3[شعبة البغدادية]
Name شعبة_الجامعة: Table3[شعبة الجامعة]
Name شعبة_الجامعة: Table3[شعبة الجامعة]
Name شعبة_الحمدانية: Table3[شعبة الحمدانية]
Name شعبة_الحمدانية: Table3[شعبة الحمدانية]
Name شعبة_الساحل_الجنوبي: Table3[شعبة الساحل الجنوبي]
Name شعبة_الساحل_الجنوبي: Table3[شعبة الساحل الجنوبي]
Name شعبة_السالمية: Table3[شعبة السالمية]
Name شعبة_السالمية: Table3[شعبة السالمية]
Name شعبة_الشاطئ: Table3[شعبة الشاطئ]
Name شعبة_الشاطئ: Table3[شعبة الشاطئ]
Name شعبة_الصناعية: Table3[شعبة الصناعية]
Name شعبة_الصناعية: Table3[شعبة الصناعية]
Name شعبة_العزيزية: Table3[شعبة العزيزية]
Name شعبة_العزيزية: Table3[شعبة العزيزية]
Name شعبة_المروة: Table3[شعبة المروة]
Name شعبة_المروة: Table3[شعبة المروة]
Name شعبة_خزام: Table3[شعبة خزام]
Name شعبة_خزام: Table3[شعبة خزام]
Name قسم_الاسناد_الاول_والثاني_والثالث: Table3[قسم الاسناد الاول والثاني والثالث]
Name قسم_الاسناد_الاول_والثاني_والثالث: Table3[قسم الاسناد الاول والثاني والثالث]
Name مركز_ثول_الخارجي: Table3[مركز ثول الخارجي]
Name مركز_ثول_الخارجي: Table3[مركز ثول الخارجي]
Name مقسم_طريقة_العرض_الجهة_تفصيلي__تنطيق_الاوراكل: #N/A
Name مقسم_طريقة_العرض_الجهة_عام: #N/A
Name مقسم_طريقة_العرض_اللون: #N/A
Name مقسم_طريقة_العرض_المركز: #N/A
Name مقسم_طريقة_العرض_الموديل: #N/A
Name مقسم_طريقة_العرض_الموقع_الالية_الحالي: #N/A
Name مقسم_طريقة_العرض_تاريخ_الإصلاح: #N/A
Name مقسم_طريقة_العرض_تاريخ_العطل: #N/A
Name مقسم_طريقة_العرض_جهة_العطل: #N/A
Name مقسم_طريقة_العرض_رقم_الشاصية: #N/A
Name مقسم_طريقة_العرض_رقم_اللوحة_كامل: #N/A
Name مقسم_طريقة_العرض_مدة_العطل__بالايام: #N/A
Name مقسم_طريقة_العرض_نوع_السيارة_عام: #N/A
Name مقسم_طريقة_العرض_نوع_العطل: #N/A
Name مقسم_طريقة_العرض_وصف_العطل: #N/A

Sheet ادخال البيانات
A1: ادخال بيانات الاليات
A2: رقم الصنف | B2: نوع السيارة تفصيلي | C2: رقم اللوحة كامل | D2: الموديل | E2: اللون | F2: نوع السيارة عام | G2: رقم الشاصية | H2: الجهة عام | I2: الجهة تفصيلي (تنطيق الاوراكل) | J2: الموقع الالية الحالي | K2: الحالة الفنية | L2: نوع العطل | M2: وصف العطل | N2: تاريخ العطل | O2: تاريخ الإصلاح | P2: جهة العطل | Q2: المركز | R2: ملاحظة
A3: 1101700010006 | B3: سيارة اطفاء وانقاذ مزدوجة كومندر | C3: ب د ب 8021 | D3: 2016 | E3: رسمية - اصفر | F3: سيارة اطفاء | G3: 54F2AA500GWE11383 | H3: الدفاع المدني/مديرية منطقة مكة المكرمة/الإدارة العامة للدفاع المدني بمحافظة جدة | I3: مركز الدفاع المدني بباب مكة | J3: شعبة البغدادية | K3: تم الاصلاح | L3: كهربائي | M3: عطل كهربائي | N3: 12-11-1447 | O3: 18-11-1447 | P3: شعبة البغدادية | Q3: مركز بلد 3 ( باب مكة )
A4: 1101700010006 | B4: سيارة اطفاء وانقاذ مزدوجة كومندر | C4: ب ب ق 2256 | D4: 2015 | E4: رسمية - اصفر | F4: سيارة اطفاء | G4: 54F2AA50XFWE11194 | H4: الدفاع المدني/مديرية منطقة مكة المكرمة/الإدارة العامة للدفاع المدني بمحافظة جدة | I4: مركز الدفاع المدني بالخاسكية | J4: شعبة خزام | K4: تم الاصلاح | O4: 3-11-1447 | P4: شعبة خزام | Q4: مركز خزام 2 ( مدائن الفهد )
A5: 1104700020001 | B5: سيارة اسعاف فان جمس | C5: ا ه ب 4029 | D5: 2012 | E5: رسمية - اصفر وابيض | F5: فان | G5: 1GTW78CG5C1197663 | H5: ادارة العمليات/الإدارة العامة للدفاع المدني بمحافظة جدة | I5: شعبة الدفاع المدني الميدانية بالجامعة | J5: شعبة الجامعة | K5: تم الاصلاح | M5: بطاريات | N5: 9-3-1447 | O5: 6-11-1447 | P5: شعبة الجامعة | Q5: مركز شرق 1 ( الجامعة )
A6: 1106700020003 | B6: وايت سكس مرسيدس بمضخه وقاذف | C6: ا ه س 8369 | D6: 2013 | E6: رسمية - اصفر | F6: صهريج سكس | G6: WDAKHAAA7DL766569 | H6: الدفاع المدني/مديرية منطقة مكة المكرمة/الإدارة العامة للدفاع المدني بمحافظة جدة | I6: مركز الدفاع المدني بالعزيزية | J6: شعبة العزيزية | K6: تم الاصلاح | L6: أخرى | M6: قفل البكرة + بواكم + حساس فحمة الفرامل+مكينة زجاج يسار | N6: 2-12-1447 | O6: 8-12-1447 | P6: شعبة العزيزية | Q6: مركز وسط 2 ( العزيزية )
A7: 1105700080001 | B7: سيارة انارة | C7: ا ل ط 6396 | D7: 2011 | E7: رسمية - اصفر | F7: اف 450 | G7: 1fdtf4hy5bec59128 | H7: ادارة العمليات/الإدارة العامة للدفاع المدني بمحافظة جدة | I7: قسم الدعم والإسناد الثالث | J7: مركز الدعم والاسناد الأول والثاني والثالث | K7: تم الاصلاح | L7: كهربائي | M7: التماس كهربائي في السيارة | N7: 9-2-1447 | O7: 19-11-1447 | P7: قسم الاسناد الاول والثاني والثالث
A8: 1106700010003 | B8: وايت عادي مرسيدس بمضخة وقاذف | C8: د ن ل 713 | D8: 1989 | E8: رسمية - اصفر | F8: صهريج عادي | G8: 40402055346001 | H8: ادارة العمليات/الإدارة العامة للدفاع المدني بمحافظة جدة | I8: قسم الدعم والإسناد الثاني | J8: مركز الدعم والاسناد الأول والثاني والثالث | K8: تم الاصلاح | O8: 20-9-1447 | P8: قسم الاسناد الاول والثاني والثالث
A9: 1204700030001 | B9: سيارة جيب شاص تويوتا رسمي | C9: ا ع ل 7710 | D9: 2010 | E9: رسمية - اصفر | F9: جيب بكب | G9: JTFLU73JXA4512736 | H9: ادارة العمليات/الإدارة العامة للدفاع المدني بمحافظة جدة | I9: شعبة الدفاع المدني الميدانية بالصناعية | J9: شعبة الصناعية | K9: تم الاصلاح | O9: 7-8-1447 | P9: شعبة الصناعية | Q9: مركز صناعية 1 ( الصناعية )
A10: 1101700010006 | B10: سيارة اطفاء وانقاذ مزدوجة كومندر | C10: ب ا د 8241 | D10: 2015 | E10: رسمية - اصفر | F10: سيارة اطفاء | G10: 54F2AA505FWE11054 | H10: الدفاع المدني/مديرية منطقة مكة المكرمة/الإدارة العامة للدفاع المدني بمحافظة جدة | I10: مركز الدفاع المدني بالخزام | J10: شعبة المروة | K10: تم الاصلاح | L10: حادث مروري | M10: حادث مروري | N10: 2-12-1445 | O10: 29-1-1448 | P10: شعبة المروة | Q10: مركز صفا 2 ( النزهة ) | R10: الجهة شعبة خزام
A11: 1106700010003 | B11: وايت عادي مرسيدس بمضخة وقاذف | C11: ر ص س 200 | D11: 1981 | E11: رسمية - اصفر | F11: صهريج عادي | G11: 34631154808228 | H11: الدفاع المدني/مديرية منطقة مكة المكرمة/الإدارة العامة للدفاع المدني بمحافظة جدة | I11: قسم الدعم والاسناد الأول | J11: مركز الدعم والاسناد الأول والثاني والثالث | K11: عطلانة | L11: مضخات | M11: مضخة وتجديد | N11: 8-4-1447 | P11: شعبة العزيزية | Q11: مركز وسط 5 ( الاندلس ) | R11: شعبة العزيزية
A12: 1303700010001 | B12: دراجة نارية ياماها 250 | C12: ص ا 661 | D12: 2010 | E12: رسمية - اخضر | F12: دراجة نارية | G12: JYA4TN00000014030 | H12: ادارة العمليات/الإدارة العامة للدفاع المدني بمحافظة جدة | I12: قسم الدعم والإسناد الأول | J12: مركز الدعم والاسناد الأول والثاني والثالث | K12: تم الاصلاح | O12: 3-8-1447 | P12: قسم الاسناد الاول والثاني والثالث
A13: 1101700010006 | B13: سيارة اطفاء كبيره روزنباور | C13: ا ص م 3537 | D13: 2006 | E13: رسمية - اصفر | F13: سيارة اطفاء | G13: 44KFT42846WZ20824 | H13: ادارة العمليات/الإدارة العامة للدفاع المدني بمحافظة جدة | I13: قسم الدعم والإسناد الثاني | J13: مركز الدعم والاسناد الأول والثاني والثالث | K13: عطلانة | L13: مضخات | M13: مفتاح المضخة | N13: 8-4-1447 | P13: قسم الاسناد الاول والثاني والثالث
A14: 1106700010010 | B14: وايت عادي اكتروس بمضخه وقاذف | C14: س ق ه 393 | D14: 2004 | E14: رسمية - اصفر | F14: صهريج سكس | G14: WDB9300131K913344 | H14: ادارة العمليات/الإدارة العامة للدفاع المدني بمحافظة جدة | I14: قسم الدعم والإسناد الثاني | J14: الصيانة المركزية | K14: عطلانة | L14: أخرى | M14: تهريب ديزل + وتهريب من المضخة | N14: 28-12-1447 | O14: 27-12-1447 | P14: قسم الاسناد الاول والثاني والثالث
A15: 1106700020003 | B15: وايت سكس مرسيدس بمضخه وقاذف | C15: ا و م 2858 | D15: 2014 | E15: رسمية - اصفر | F15: سيارة اطفاء | G15: WDAKHAAA4EL854870 | H15: الدفاع المدني/مديرية منطقة مكة المكرمة/الإدارة العامة للدفاع المدني بمحافظة جدة | I15: مركز الدفاع المدني بحي مشرفة | J15: شعبة الشاطئ | K15: تم الاصلاح | L15: ميكانيكي | M15: عطل في القير | N15: 18-11-1447 | O15: 3-12-1447 | P15: شعبة الشاطئ | Q15: مركز غرب 2 ( الخالدية )
A16: 1106700020010 | B16: وايت سكس اكتروس بمضخه وقاذف | C16: ا ر ا 7183 | D16: 2009 | E16: رسمية - اصفر | F16: صهريج سكس | G16: WDAKHCAB69L381015 | H16: ادارة العمليات/الإدارة العامة للدفاع المدني بمحافظة جدة | I16: قسم الدعم والإسناد الثالث | J16: شعبة الحمدانية | K16: عطلانة | L16: ميكانيكي | M16: لايقبل التعشيق | N16: 1-10-1447 | P16: شعبة الحمدانية | Q16: مركز شمال 1 ( الحمدانية )
A17: 1101700020004 | B17: سيارة اطفاء صغيرة فورد | C17: ا ر ل 1863 | D17: 2003 | E17: رسمية - اصفر | F17: سيارة اطفاء | G17: 1FDXW47P43EC54014 | H17: الدفاع المدني/مديرية منطقة مكة المكرمة/الإدارة العامة للدفاع المدني بمحافظة جدة | I17: مركز الدفاع المدني بحي البوادي | J17: الصيانة المركزية | K17: تحت إجراءات الرجيع | L17: كهربائي | M17: عطل في الكهرباء | N17: 8-2-1445 | P17: شعبة الاسكان | Q17: مركز اسكان 1 ( الاسكان الجنوبي ) | R17: بديل من الاسناد --خزام 2
A18: 1106700020003 | B18: وايت سكس مرسيدس بمضخه وقاذف | C18: ا ن ع 8503 | D18: 2013 | E18: رسمية - اصفر | F18: صهريج سكس | G18: WDAKHAAA3DL708264 | H18: الدفاع المدني/مديرية منطقة مكة المكرمة/الإدارة العامة للدفاع المدني بمحافظة جدة | I18: مركز الدفاع المدني بالشاطئ | J18: شعبة الشاطئ | K18: عطلانة | L18: أخرى | M18: عطل بلف الديزل الراجع | N18: 12-11-1447 | O18: 18-10-1447 | P18: شعبة الشاطئ | Q18: مركز غرب 1 ( الشاطئ )
A19: 1204700030001 | B19: سيارة جيب شاص تويوتا رسمي | C19: ا ص ط 4840 | D19: 2009 | E19: رسمية - اصفر | F19: جيب بكب | G19: jtflj71j698018387 | H19: ادارة العمليات/الإدارة العامة للدفاع المدني بمحافظة جدة | I19: قسم الدعم والإسناد الأول | J19: مركز الدعم والاسناد الأول والثاني والثالث | K19: عطلانة | L19: أخرى | M19: عطل في مفتاح البودرة | N19: 7-4-1445 | P19: قسم الاسناد الاول والثاني والثالث
A20: 1106700020003 | B20: وايت سكس مرسيدس بمضخه وقاذف | C20: ا و م 7674 | D20: 2014 | E20: رسمية - اصفر | F20: سيارة اطفاء | G20: WDAKHAAA5EL866669 | H20: الدفاع المدني/مديرية منطقة مكة المكرمة/الإدارة العامة للدفاع المدني بمحافظة جدة | I20: مركز الدفاع المدني بالخمرة | J20: شعبة الساحل الجنوبي | K20: عطلانة | L20: كهربائي | M20: خلل في الكهرباء | N20: 10-1-1448 | O20: 27-11-1447 | P20: شعبة الساحل الجنوبي | Q20: مركز جنوب 4 ( الخمرة )
A21: 1102700010004 | B21: سيارات انقاذ كبيرة فورد | C21: ا ن ط 2419 | D21: 2012 | E21: رسمية - اصفر | F21: اب اف 350 | G21: 1FD8W3H67CEB64487 | H21: الدفاع المدني/مديرية منطقة مكة المكرمة/الإدارة العامة للدفاع المدني بمحافظة جدة | I21: مركز الدفاع المدني بالنزهة | J21: شعبة المروة | K21: عطلانة | L21: أخرى | M21: تهريب في تانكي البنزين | N21: 26-1-1448 | O21: 25-12-1447 | P21: شعبة المروة | Q21: مركز صفا 2 ( النزهة )
A22: 1105700080001 | B22: سيارة انارة | C22: ب ا ق 1832 | D22: 2015 | E22: رسمية - اصفر | F22: اف 450 | G22: 1FDTF4HY5FEB64249 | H22: ادارة العمليات/الإدارة العامة للدفاع المدني بمحافظة جدة | I22: قسم الدعم والإسناد الثاني | J22: مركز الدعم والاسناد الأول والثاني والثالث | K22: تعمل بوجود ملاحظات | L22: كهربائي | M22: عطل حساس القير | N22: 6-4-1446 | P22: قسم الاسناد الاول والثاني والثالث
A23: 1106700020003 | B23: وايت سكس مرسيدس بمضخه وقاذف | C23: أ ن ط 2502 | D23: 2013 | E23: رسمية - اصفر | F23: صهريج سكس | G23: WDAKHAAA6DL716861 | H23: ادارة العمليات/الإدارة العامة للدفاع المدني بمحافظة جدة | I23: قسم الدعم والإسناد الثالث | J23: مركز الدعم والاسناد الأول والثاني والثالث | K23: تم الاصلاح | L23: ميكانيكي | M23: بواكم الهواء | N23: 6-2-1447 | O23: 30-11-1447 | P23: قسم الاسناد الاول والثاني والثالث
A24: 1204700010003 | B24: سيارة جيب 2 باب نيسان رسمي | C24: ا ل ع 1091 | D24: 2009 | E24: رسمية - اصفر | F24: جيب | G24: JN8BY14YX9X539595 | H24: ادارة العمليات/الإدارة العامة للدفاع المدني بمحافظة جدة | I24: شعبة الدفاع المدني الميدانية بالحمدانية | J24: شعبة الحمدانية | K24: عطلانة | L24: أخرى | M24: ارتفاع درجة الحرارة | N24: 5-8-1446 | P24: شعبة الحمدانية | Q24: مركز شمال 1 ( الحمدانية ) | R24: بديل من الشعبة
A25: 1106700020003 | B25: وايت سكس مرسيدس بمضخه وقاذف | C25: ا ص م 3618 | D25: 1983 | E25: رسمية - اصفر | F25: صهريج سكس | G25: 3430154805270 | H25: الدفاع المدني/مديرية منطقة مكة المكرمة/الإدارة العامة للدفاع المدني بمحافظة جدة | I25: مركز الدفاع المدني بالاسواق الشعبية | J25: شعبة الصناعية | K25: تم الاصلاح | L25: ميكانيكي | M25: عطل في القير | N25: 5-8-1446 | O25: 24-1-1448 | P25: شعبة الصناعية | Q25: مركز صناعية 3 ( الاسواق الشعبية ) | R25: يوجد بديل من الشعبة
A26: 1102700010004 | B26: سيارات انقاذ كبيرة فورد | C26: ا ح ع 3209 | D26: 2008 | E26: رسمية - اصفر | F26: شاحنة | G26: 1FDWW37Y58EB05374 | H26: ادارة العمليات/الإدارة العامة للدفاع المدني بمحافظة جدة | I26: قسم الدعم والإسناد الثاني | J26: مركز الدعم والاسناد الأول والثاني والثالث | K26: عطلانة | L26: أخرى | M26: الادراج +السفتي +الونان+الفرامل | N26: 5-8-1444 | P26: قسم الاسناد الاول والثاني والثالث
A27: 1105700010001 | B27: سيارة سلالم 28 متر | C27: ا ك ع 1641 | D27: 2006 | E27: رسمية - اصفر | F27: رافعة تلسكوبيه | G27: WJMAIVRM004312280 | H27: ادارة العمليات/الإدارة العامة للدفاع المدني بمحافظة جدة | I27: قسم الدعم والإسناد الثاني | J27: مركز الدعم والاسناد الأول والثاني والثالث | K27: تم الاصلاح | L27: أخرى | M27: اعطال متعدده | N27: 2-1-1448 | O27: 15-1-1448 | P27: شعبة الشاطئ | Q27: مركز غرب 1 ( الشاطئ ) | R27: ( سلالم الطائف)
A28: 1106700020003 | B28: وايت سكس مرسيدس بمضخه وقاذف | C28: أ د م 4920 | D28: 2003 | E28: رسمية - اصفر | F28: صهريج سكس | G28: WDB9500135K765118 | H28: ادارة العمليات/الإدارة العامة للدفاع المدني بمحافظة جدة | I28: قسم الدعم والإسناد الثالث | J28: مركز الدعم والاسناد الأول والثاني والثالث | K28: عطلانة | L28: خلل فني | M28: عصا القير وتنسيم هواء من احد الخزانات | N28: 24-8-1447 | P28: قسم الاسناد الاول والثاني والثالث
A29: 1104700010001 | B29: سيارة اسعاف صالون جمس | C29: ب ل ص 9475 | D29: 2005 | E29: رسمية - اصفر | F29: صالون | G29: 3GKFK16T05G272258 | H29: ادارة العمليات/الإدارة العامة للدفاع المدني بمحافظة جدة | I29: شعبة الدفاع المدني الميدانية بالإسكان الجنوبي | J29: شعبة الإسكان الجنوبي | K29: تم الاصلاح | M29: بطاريات | N29: 4-5-1447 | O29: 5-11-1447 | P29: شعبة الاسكان | Q29: مركز اسكان 1 ( الاسكان الجنوبي )
A30: 1106700020003 | B30: وايت سكس مرسيدس بمضخه وقاذف | C30: أ ن ب 3894 | D30: 2013 | E30: رسمية - اصفر | F30: صهريج سكس | G30: WDAKHAAA2DL713777 | H30: ادارة العمليات/الإدارة العامة للدفاع المدني بمحافظة جدة | I30: قسم الدعم والإسناد الثاني | J30: شعبة الحمدانية | K30: عطلانة | L30: أخرى | M30: كسر في الفلتر والرفرف | N30: 4-3-1447 | P30: شعبة الحمدانية | Q30: مركز شمال 5 ( ذهبان ) | R30: الاسناد
A31: 1207700040006 | B31: سيارة رآس تريلا سكس مان | C31: ا ن د 4774 | D31: 2013 | E31: رسمية - اصفر | F31: تريلا | G31: WMA26WZZ6DM613818 | H31: ادارة العمليات/الإدارة العامة للدفاع المدني بمحافظة جدة | I31: قسم الدعم والإسناد الثاني | J31: مركز الدعم والاسناد الأول والثاني والثالث | K31: عطلانة | L31: ميكانيكي | M31: تهريب هواء من الباكم (الفرامل) | N31: 1-12-1447 | O31: 10-11-1447 | P31: قسم الاسناد الاول والثاني والثالث
A32: 1204700010003 | B32: سيارة جيب 2 باب نيسان رسمي | C32: ا م ط 6540 | D32: 2006 | E32: رسمية - اصفر | F32: جيب | G32: JN8BY14Y06X525619 | H32: ادارة العمليات/الإدارة العامة للدفاع المدني بمحافظة جدة | I32: شعبة الدفاع المدني الميدانية بالإسكان الجنوبي | J32: شعبة الإسكان الجنوبي | K32: عطلانة | L32: ميكانيكي | M32: تهريب في ماء الرديتر | N32: 3-9-1446 | P32: شعبة الاسكان | Q32: مركز اسكان 1 ( الاسكان الجنوبي )
A33: 1106700010003 | B33: وايت عادي مرسيدس بمضخة وقاذف | C33: ا د م 2203 | D33: 1989 | E33: رسمية - اصفر | F33: صهريج عادي | G33: 34600155410132 | H33: ادارة العمليات/الإدارة العامة للدفاع المدني بمحافظة جدة | I33: شعبة الدفاع المدني الميدانية بالمروة | J33: شعبة المروة | K33: تم الاصلاح | L33: خلل فني | M33: تهريب هواء وثقل بالفرامل | N33: 22-9-1447 | O33: 17-1-1448 | P33: شعبة الحمدانية | Q33: مركز شمال 3 ( الرحيلي )
A34: 1201700020002 | B34: وايت ماء سقيا سكس مان | C34: ا ى ن 3852 | D34: 2015 | E34: رسمية - اصفر | F34: صهريج سكس (32) م2 | G34: RS076WZZXFD008481 | H34: ادارة العمليات/الإدارة العامة للدفاع المدني بمحافظة جدة | I34: قسم الدعم والإسناد الثالث | J34: شعبة أبحر | K34: عطلانة | L34: أخرى | M34: تهريب بلف الغطاس | N34: 3-4-1446 | P34: شعبة ابحر | Q34: مركز ابحر 1 ( ابحر الجنوبية ) | R34: الاسناد
A35: 1204700010003 | B35: سيارة جيب 2 باب نيسان رسمي | C35: ا ل ع 1060 | D35: 2009 | E35: رسمية - اصفر | F35: جيب | G35: JN8BY14Y29X539588 | H35: ادارة العمليات/الإدارة العامة للدفاع المدني بمحافظة جدة | I35: شعبة الدفاع المدني الميدانية بالشاطئ | J35: شعبة الشاطئ | K35: تم الاصلاح | O35: 6-8-1447 | P35: شعبة الشاطئ | Q35: مركز غرب 1 ( الشاطئ )
A36: 1106700020003 | B36: وايت سكس مرسيدس بمضخه وقاذف | C36: ا ه س 6583 | D36: 2013 | E36: رسمية - اصفر | F36: صهريج سكس | G36: WDAKHAAA3DL772417 | H36: الدفاع المدني/مديرية منطقة مكة المكرمة/الإدارة العامة للدفاع المدني بمحافظة جدة | I36: مركز الدفاع المدني بالربوة | J36: شعبة المروة | K36: تم الاصلاح | O36: 13-8-1447 | P36: شعبة المروة | Q36: مركز صفا 3 ( الربوة )
A37: 1105700100001 | B37: سيارة فان افيكو رسمي للتجهيزات الفنية لوحدة الغواصين | C37: ب ا ح 2731 | D37: 2015 | E37: رسمية - اصفر | F37: فان | G37: ZCFC50AY6FD540305 | H37: ادارة العمليات/الإدارة العامة للدفاع المدني بمحافظة جدة | I37: قسم الدعم والإسناد الثالث | J37: شعبة البغدادية | K37: تم الاصلاح | O37: 13-8-1447 | P37: شعبة البغدادية | Q37: مركز بلد 1 ( الحمراء )
A38: 1106700020003 | B38: وايت سكس مرسيدس بمضخه وقاذف | C38: ا ن ط 2479 | D38: 2013 | E38: رسمية - اصفر | F38: صهريج سكس | G38: WDAKHAAA9DL719091 | H38: الدفاع المدني/مديرية منطقة مكة المكرمة/الإدارة العامة للدفاع المدني بمحافظة جدة | I38: مركز الدفاع المدني بالمروة | J38: شعبة المروة | K38: تم الاصلاح | L38: ميكانيكي | M38: تهريب هواء | N38: 30-3-1447 | O38: 22-1-1448 | P38: شعبة المروة | Q38: مركز صفا 5 ( الفيصلية )
A39: 1104700020001 | B39: سيارة اسعاف فان جمس | C39: ا ه ب 4251 | D39: 2012 | E39: رسمية - اصفر وابيض | F39: فان | G39: 1GTW78CG0C1193679 | H39: ادارة العمليات/الإدارة العامة للدفاع المدني بمحافظة جدة | I39: شعبة الدفاع المدني الميدانية بالعزيزية | J39: شعبة العزيزية | K39: عطلانة | L39: كهربائي | M39: التماس كهربائي في الكابينة | N39: 30-1-1447 | P39: شعبة العزيزية | Q39: مركز وسط 1 ( الرحاب )
A40: 1102700010004 | B40: سيارات انقاذ كبيرة فورد | C40: ا ص م 3845 | D40: 2010 | E40: رسمية - اصفر | F40: شاحنة | G40: 1FDWW3HY6AEA69487 | H40: ادارة العمليات/الإدارة العامة للدفاع المدني بمحافظة جدة | I40: قسم الدعم والإسناد الأول | J40: مركز الدعم والاسناد الأول والثاني والثالث | K40: عطلانة | L40: كهربائي | M40: عطل في السلف | N40: 21-1-1448 | O40: 20-1-1448 | P40: شعبة العزيزية | Q40: مركز وسط 2 ( العزيزية )
A41: 1106700020003 | B41: وايت سكس مرسيدس بمضخه وقاذف | C41: أ ن ط 2496 | D41: 2013 | E41: رسمية - اصفر | F41: صهريج سكس | G41: WDAKHAAA5DL716852 | H41: الدفاع المدني/مديرية منطقة مكة المكرمة/الإدارة العامة للدفاع المدني بمحافظة جدة | I41: مركز الدفاع المدني بالسالمية | J41: مركز الدعم والاسناد الأول والثاني والثالث | K41: عطلانة | L41: حادث مروري | M41: حادث مروري | N41: 29-8-1439 | P41: شعبة السالمية | Q41: مركز سالمية 1 ( السالمية )
A42: 1105700100001 | B42: سيارة فان افيكو رسمي للتجهيزات الفنية لوحدة الغواصين | C42: ا ك ب 4812 | D42: 2010 | E42: رسمية - اصفر | F42: فان | G42: ZCFC50AD4B5836876 | H42: ادارة العمليات/الإدارة العامة للدفاع المدني بمحافظة جدة | I42: قسم الدعم والإسناد الأول | J42: ورشة خارجية | K42: عطلانة | L42: أخرى | M42: تأخير في التشغيل | N42: 29-5-1446 | P42: شعبة الجامعة | Q42: مركز شرق 1 ( الجامعة ) | R42: بديل من الشعبة
A43: 1105700150001 | B43: شاحنة لأعمال التدخل والانقاذ في حوادث الزلازل | C43: أ ص م 3992 | D43: 2010 | E43: رسمية - اصفر | F43: شاحنة | G43: WDJA01932BN141507 | H43: ادارة العمليات/الإدارة العامة للدفاع المدني بمحافظة جدة | I43: قسم الدعم والإسناد الثاني | J43: شعبة البغدادية | K43: تم الاصلاح | O43: 26-10-1447 | P43: شعبة البغدادية | Q43: مركز بلد 1 ( الحمراء ) | R43: انهيارات البلد
A44: 1205700030009 | B44: سيارة فان مصندق افيكو رسمي مزودة بروبوت للتدخل في المواد الخطرة | C44: ا ن و 1933 | D44: 2013 | E44: رسمية - اصفر | F44: فان | G44: ZCFC50AD2D5941113 | H44: الدفاع المدني/مديرية منطقة مكة المكرمة/الإدارة العامة للدفاع المدني بمحافظة جدة | I44: مركز التدخل في المواد الخطرة بالصناعية | J44: شعبة الإسكان الجنوبي | K44: تم الاصلاح | L44: أخرى | M44: المكيف + قزاز الأبواب | N44: 2-9-1446 | O44: 27-11-1447 | P44: شعبة الاسكان | Q44: مركز اسكان 1 ( الاسكان الجنوبي ) | R44: الحماية - تدخل الإسكان
A45: 1106700010003 | B45: وايت عادي مرسيدس بمضخة وقاذف | C45: ا ق ى 7533 | D45: 1988 | E45: رسمية - اصفر | F45: صهريج عادي | G45: 33208955346001 | H45: ادارة العمليات/الإدارة العامة للدفاع المدني بمحافظة جدة | I45: قسم الدعم والإسناد الثاني | J45: مركز الدعم والاسناد الأول والثاني والثالث | K45: عطلانة | L45: أخرى | M45: اعطال متعددة | N45: 16-1-1448 | O45: 20-9-1447 | P45: شعبة الاسكان | Q45: مركز اسكان 3 ( الالفية ) | R45: الجهة الاسناد--إسكان 3
A46: 1108700020001 | B46: غراف شيول وسط | C46: ا د ع 2018 | D46: 2015 | E46: رسمية - اصفر | F46: شيول | G46: 90C51512 | H46: ادارة العمليات/الإدارة العامة للدفاع المدني بمحافظة جدة | I46: قسم الدعم والإسناد الثالث | J46: مركز الدعم والاسناد الأول والثاني والثالث | K46: تم الاصلاح | O46: 20-10-1447 | P46: قسم الاسناد الاول والثاني والثالث
A47: 1204700020009 | B47: سيارة جيب 4 باب ديهاتسو رسمي | C47: ح م ح 4415 | D47: 2016 | E47: رسمية - اصفر | F47: يتريوس | G47: JD2GJ5220G3013021 | H47: المديرية العامة للدفاع المدني للمواسم/الدفاع المدني/مديرية منطقة مكة المكرمة | I47: مركز السلامة الميدانية بالسالمية | J47: شعبة العزيزية | K47: عطلانة | L47: ميكانيكي | M47: عدم تغيير النمر + لمبة القير | N47: 28-3-1447 | P47: شعبة العزيزية | Q47: مركز وسط 1 ( الرحاب )
A48: 1105700010002 | B48: سيارة سلالم 52 متر | C48: ا ا ر 4625 | D48: 2008 | E48: رسمية - اصفر | F48: شاحنة | G48: WJME2NST20C184936 | H48: ادارة العمليات/الإدارة العامة للدفاع المدني بمحافظة جدة | I48: شعبة الدفاع المدني الميدانية بالشاطئ | J48: شعبة الشاطئ | K48: عطلانة | L48: ميكانيكي | M48: عطل في السلة | N48: 27-7-1446 | P48: شعبة الشاطئ | Q48: مركز غرب 1 ( الشاطئ )
A49: 1106700020003 | B49: وايت سكس مرسيدس بمضخه وقاذف | C49: ا ك ى 1593 | D49: 2011 | E49: رسمية - اصفر | F49: صهريج سكس | G49: WDAKHAAA7BL566711 | H49: ادارة العمليات/الإدارة العامة للدفاع المدني بمحافظة جدة | I49: قسم الدعم والإسناد الثاني | J49: مركز الدعم والاسناد الأول والثاني والثالث | K49: تم الاصلاح | L49: كهربائي | M49: الالية لاتشتغل | N49: 3-12-1447 | O49: 14-1-1448 | P49: قسم الاسناد الاول والثاني والثالث
A50: 1106700020003 | B50: وايت سكس مرسيدس بمضخه وقاذف | C50: ا و م 4089 | D50: 2014 | E50: رسمية - اصفر | F50: صهريج سكس | G50: WDAKHAAA0EL861766 | H50: الدفاع المدني/مديرية منطقة مكة المكرمة/الإدارة العامة للدفاع المدني بمحافظة جدة | I50: مركز الدفاع المدني بالاسواق الشعبية | J50: شعبة الصناعية | K50: تم الاصلاح | L50: أخرى | M50: كابينة المضخة + الاداراج الجانبية | N50: 16-1-1448 | O50: 28-1-1448 | P50: شعبة الصناعية | Q50: مركز صناعية 1 ( الصناعية )
A51: 1106700020003 | B51: وايت سكس مرسيدس بمضخه وقاذف | C51: ا ن ب 3896 | D51: 2013 | E51: رسمية - اصفر | F51: صهريج سكس | G51: WDAKHAAA6DL715791 | H51: الدفاع المدني/مديرية منطقة مكة المكرمة/الإدارة العامة للدفاع المدني بمحافظة جدة | I51: مركز الدفاع المدني بحى الحرازات الشمالي | J51: شعبة الجامعة | K51: تم الاصلاح | L51: أخرى | M51: تهريب ماء | N51: 26-10-1447 | O51: 13-1-1448 | P51: شعبة الجامعة | Q51: مركز شرق 1 ( الجامعة )
A52: 1106700010002 | B52: وايت عادي مرسيدس بمضخة | C52: ا د م 2805 | D52: 1992 | E52: رسمية - اصفر | F52: صهريج عادي | G52: WDB34600155750633 | H52: الدفاع المدني/مديرية منطقة مكة المكرمة/الإدارة العامة للدفاع المدني بمحافظة جدة | I52: مركز الدفاع المدني بالكورنيش الجنوبي | J52: شعبة الساحل الجنوبي | K52: تم الاصلاح | L52: ميكانيكي | M52: عطل في القير | N52: 7-9-1447 | O52: 4-12-1447 | P52: شعبة الساحل الجنوبي | Q52: مركز جنوب 4 ( الخمرة )
A53: 1106700010003 | B53: وايت عادي مرسيدس بمضخة وقاذف | C53: ا د م 2832 | D53: 1992 | E53: رسمية - اصفر | F53: صهريج عادي | G53: WDB34600155905228 | H53: ادارة العمليات/الإدارة العامة للدفاع المدني بمحافظة جدة | I53: قسم الدعم والإسناد الأول | J53: شعبة البغدادية | K53: تم الاصلاح | M53: تهريب المضخة والمحابس | N53: 13-8-1447 | O53: 4-11-1447 | P53: شعبة البغدادية | Q53: مركز بلد 2 ( البغدادية )
A54: 1106700020003 | B54: وايت سكس مرسيدس بمضخه وقاذف | C54: ا ن ط 2503 | D54: 2013 | E54: رسمية - اصفر | F54: صهريج سكس | G54: WDAKHAAA0DL716855 | H54: الدفاع المدني/مديرية منطقة مكة المكرمة/الإدارة العامة للدفاع المدني بمحافظة جدة | I54: مركز الدفاع المدني بالصناعية الثانية | J54: شعبة الساحل الجنوبي | K54: عطلانة | L54: ميكانيكي | M54: الفرامل | N54: 1-12-1447 | O54: 4-6-1447 | P54: شعبة الساحل الجنوبي | Q54: مركز جنوب 2 ( الصناعية الثانية )
A55: 1102700010004 | B55: سيارات انقاذ كبيرة فورد | C55: ص ل ع 255 | D55: 2006 | E55: رسمية - اصفر | F55: فان | G55: 1FDWW37Y16EC99611 | H55: الدفاع المدني/مديرية منطقة مكة المكرمة/الإدارة العامة للدفاع المدني بمحافظة جدة | I55: مركز الدفاع المدني بقصر الجزيرة بثول | J55: ش الانامل | K55: عطلانة | L55: ميكانيكي | M55: عطل بالجيربوكس | N55: 26-2-1445 | P55: مركز ثول الخارجي | Q55: مركز مجد 2 ( الجزيرة ) | R55: بديل من ثول
A56: 1204700020003 | B56: سيارة جيب 4 باب نيسان رسمي | C56: ا ن ل 6579 | D56: 2009 | E56: رسمية - اصفر | F56: جيب | G56: JN6BY11Y19X518230 | H56: الدفاع المدني/مديرية منطقة مكة المكرمة/الإدارة العامة للدفاع المدني بمحافظة جدة | I56: مركز الدفاع المدني بالسامر | J56: شعبة السالمية | K56: تم الاصلاح | O56: 1-9-1447 | P56: شعبة السالمية | Q56: مركز سالمية 4 ( السامر )
A57: 1106700020010 | B57: وايت سكس اكتروس بمضخه وقاذف | C57: ص ه م 268 | D57: 2007 | E57: رسمية - اصفر | F57: صهريج عادي | G57: WDB9301635L162534 | H57: الإدارة العامة للدفاع المدني بمحافظة جدة/مديرية منطقة مكة المكرمة | I57: مركز الدفاع المدني بالبحارة بثول | J57: مركز ثول | K57: عطلانة | L57: ميكانيكي | M57: صحن الكلتش + المضخه عطلانة | N57: 6-12-1447 | O57: 28-11-1447 | P57: مركز ثول الخارجي | Q57: مركز ثول
A58: 1204700020003 | B58: سيارة جيب 4 باب نيسان رسمي | C58: ا ع ا 9362 | D58: 1998 | E58: رسمية - اخضر | F58: جيب | G58: JN17AS761Z0400608 | H58: ادارة العمليات/الإدارة العامة للدفاع المدني بمحافظة جدة | I58: شعبة الدفاع المدني الميدانية بالجامعة | J58: شعبة الجامعة | K58: صدر قرار الرجيع | L58: أخرى | M58: يطفئ فجأة | N58: 26-11-1446 | P58: شعبة الجامعة | Q58: مركز شرق 1 ( الجامعة )
A59: 1204700020009 | B59: سيارة جيب 4 باب ديهاتسو رسمي | C59: ح ن ب 9077 | D59: 2016 | E59: رسمية - اصفر | F59: يتريوس | G59: JD2GJ5229G3013213 | H59: المديرية العامة للدفاع المدني للمواسم/الدفاع المدني/مديرية منطقة مكة المكرمة | I59: مركز السلامة الميدانية بالخزام | J59: الصيانة المركزية | K59: عطلانة | L59: أخرى | M59: لمبة الزيت | N59: 26-10-1446 | P59: شعبة خزام | Q59: مركز خزام 1 ( خزام )
A60: 1204700010003 | B60: سيارة جيب 2 باب نيسان رسمي | C60: ا ل ح 9008 | D60: 2009 | E60: رسمية - اصفر | F60: جيب | G60: JN8BY14Y79X539540 | H60: ادارة العمليات/الإدارة العامة للدفاع المدني بمحافظة جدة | I60: شعبة الدفاع المدني الميدانية بالصناعية | J60: شعبة الصناعية | K60: تم الاصلاح | O60: 19-7-1447 | P60: شعبة الصناعية | Q60: مركز صناعية 1 ( الصناعية )
A61: 1106700020003 | B61: وايت سكس مرسيدس بمضخه وقاذف | C61: ب ا د 8343 | D61: 2015 | E61: رسمية - اصفر | F61: صهريج سكس | G61: WDAKHAAA2FL921404 | H61: الدفاع المدني/مديرية منطقة مكة المكرمة/الإدارة العامة للدفاع المدني بمحافظة جدة | I61: مركز الدفاع المدني بطريق الساحل | J61: شعبة الساحل الجنوبي | K61: عطلانة | L61: حادث مروري | M61: حادث مروري | N61: 25-11-1442 | P61: شعبة الساحل الجنوبي | Q61: مركز جنوب 1 ( الكورنيش ) | R61: يوجد بديل من الاسناد
A62: 1104700020004 | B62: سيارة اسعاف فان فورد | C62: ا د ن 5244 | D62: 2008 | E62: رسمية - اصفر | F62: فان | G62: 1FDSS34P98DB11903 | H62: ادارة العمليات/الإدارة العامة للدفاع المدني بمحافظة جدة | I62: شعبة الدفاع المدني الميدانية بالخزام | J62: مركز الدعم والاسناد الأول والثاني والثالث | K62: صدر قرار الرجيع | L62: ميكانيكي | M62: اعطال ميكانيكية وكهرباء | N62: 25-10-1445 | P62: شعبة خزام | Q62: مركز خزام 1 ( خزام ) | R62: الجهة الاسناد
A63: 1102700020004 | B63: سيارات انقاذ صغيرة فورد | C63: ب ا ق 5918 | D63: 2015 | E63: رسمية - اصفر | F63: اب اف 350 | G63: 1FD8W3H65FEB41200 | H63: الدفاع المدني/مديرية منطقة مكة المكرمة/الإدارة العامة للدفاع المدني بمحافظة جدة | I63: مركز الدفاع المدني بالأسكان الجنوبي | J63: شعبة الإسكان الجنوبي | K63: تم الاصلاح | L63: أخرى | M63: تهريب ماء | N63: 23-1-1448 | O63: 24-1-1448 | P63: شعبة الاسكان | Q63: مركز اسكان 1 ( الاسكان الجنوبي )
A64: 1107700010001 | B64: رافعة 50 طن | C64: ا ق ى 7557 | D64: 2006 | E64: رسمية - اصفر | F64: كرين | G64: JTX4255A660DC0024 | H64: ادارة العمليات/الإدارة العامة للدفاع المدني بمحافظة جدة | I64: قسم الدعم والإسناد الأول | J64: مركز الدعم والاسناد الأول والثاني والثالث | K64: عطلانة | L64: أخرى | M64: تحتاج طقم كلتش + فحمات | N64: 2-11-1447 | P64: قسم الاسناد الاول والثاني والثالث
A65: 1104700020004 | B65: سيارة اسعاف فان فورد | C65: ا د ن 5361 | D65: 2008 | E65: رسمية - اصفر | F65: فان | G65: 1FDSS34p38DB11900 | H65: ادارة العمليات/الإدارة العامة للدفاع المدني بمحافظة جدة | I65: قسم الدعم والإسناد الثالث | J65: مركز الدعم والاسناد الأول والثاني والثالث | K65: عطلانة | L65: كهربائي | M65: اسلاك الظفيرة +تغيير الكفرات | N65: 24-2-1445 | P65: قسم الاسناد الاول والثاني والثالث
A66: 1101700010006 | B66: سيارة اطفاء وانقاذ مزدوجة كومندر | C66: ا و م 2884 | D66: 2014 | E66: رسمية - اصفر | F66: سيارة اطفاء | G66: 54F2AA504EWE10623 | H66: الدفاع المدني/مديرية منطقة مكة المكرمة/الإدارة العامة للدفاع المدني بمحافظة جدة | I66: مركز الدفاع المدني بأبحر الجنوبية | J66: شعبة أبحر | K66: عطلانة | L66: حادث مروري | M66: حادث مروري | N66: 28-2-1445 | P66: شعبة ابحر | Q66: مركز ابحر 1 ( ابحر الجنوبية )
A67: 1104700020004 | B67: سيارة اسعاف فان فورد | C67: ا د ن 8075 | D67: 2008 | E67: رسمية - اصفر | F67: فان | G67: 1FDSS34P38DB11914 | H67: ادارة العمليات/الإدارة العامة للدفاع المدني بمحافظة جدة | I67: قسم الدعم والإسناد الثالث | J67: مركز الدعم والاسناد الأول والثاني والثالث | K67: عطلانة | L67: بطاريات | M67: سحب كهرباء وبطارية | N67: 23-4-1447 | P67: قسم الاسناد الاول والثاني والثالث
A68: 1101700010006 | B68: سيارة اطفاء وانقاذ مزدوجة كومندر | C68: ا ى ن 6503 | D68: 2014 | E68: رسمية - اصفر | F68: سيارة اطفاء | G68: 54F2AA501EWE10692 | H68: ادارة العمليات/الإدارة العامة للدفاع المدني بمحافظة جدة | I68: قسم الدعم والإسناد الثالث | J68: مركز الدعم والاسناد الأول والثاني والثالث | K68: تم الاصلاح | L68: أخرى | M68: اعطال متنوعه | N68: 23-4-1447 | O68: 28-1-1448 | P68: قسم الاسناد الاول والثاني والثالث
A69: 1106700020010 | B69: وايت سكس اكتروس بمضخه وقاذف | C69: ا ر ا 7722 | D69: 2009 | E69: رسمية - اصفر | F69: سيارة اطفاء | G69: WDAKHCAB89L381016 | H69: ادارة العمليات/الإدارة العامة للدفاع المدني بمحافظة جدة | I69: قسم الدعم والإسناد الثالث | J69: شعبة أبحر | K69: عطلانة | L69: ميكانيكي | M69: الكلتش | N69: 4-11-1447 | O69: 14-10-1447 | P69: قسم الاسناد الاول والثاني والثالث
A70: 1204700010003 | B70: سيارة جيب 2 باب نيسان رسمي | C70: أ ل ح 9797 | D70: 2009 | E70: رسمية - اصفر | F70: جيب | G70: JN8BY14Y09X539685 | H70: ادارة العمليات/الإدارة العامة للدفاع المدني بمحافظة جدة | I70: شعبة الدفاع المدني الميدانية بالجامعة | J70: شعبة الجامعة | K70: عطلانة | L70: أخرى | M70: ارتفاع درجة الحرارة | N70: 16-12-1447 | O70: 24-6-1447 | P70: شعبة الجامعة | Q70: مركز شرق 1 ( الجامعة )
A71: 1101700010006 | B71: سيارة اطفاء وانقاذ مزدوجة كومندر | C71: ا و م 7634 | D71: 2014 | E71: رسمية - اصفر | F71: سيارة اطفاء | G71: 54F2AA506EWE10638 | H71: الدفاع المدني/مديرية منطقة مكة المكرمة/الإدارة العامة للدفاع المدني بمحافظة جدة | I71: مركز الدفاع المدني بالاسواق الشعبية | J71: شعبة الصناعية | K71: عطلانة | L71: ميكانيكي | M71: ارتفاع حرارة المحرك | N71: 16-12-1446 | P71: شعبة الصناعية | Q71: مركز صناعية 2 ( المرحلة الاولى )
A72: 1102700020004 | B72: سيارات انقاذ صغيرة فورد | C72: ب ا د 8450 | D72: 2015 | E72: رسمية - اصفر | F72: اب اف 350 | G72: 1FD8W3H68FEB41109 | H72: الدفاع المدني/مديرية منطقة مكة المكرمة/الإدارة العامة للدفاع المدني بمحافظة جدة | I72: مركز الدفاع المدني بالجامعة | J72: شعبة الجامعة | K72: عطلانة | L72: ميكانيكي | M72: عطل في الجربوكس | N72: 22-6-1446 | P72: شعبة الجامعة | Q72: مركز شرق 4 ( المنتزهات ) | R72: شرق4
A73: 1106700020003 | B73: وايت سكس مرسيدس بمضخه وقاذف | C73: ا ن ع 7207 | D73: 2013 | E73: رسمية - اصفر | F73: صهريج سكس | G73: WDAKHAAA3DL739059 | H73: الدفاع المدني/مديرية منطقة مكة المكرمة/الإدارة العامة للدفاع المدني بمحافظة جدة | I73: مركز الدفاع المدني بحي الرياض | J73: شعبة الحمدانية | K73: تم الاصلاح | L73: ميكانيكي | M73: تهريب هواء والبواكم | N73: 26-10-1447 | O73: 13-1-1448 | P73: شعبة الحمدانية | Q73: مركز شمال 4 ( الرياض )
A74: 1106700020010 | B74: وايت سكس اكتروس بمضخه وقاذف | C74: ا ر ح 8875 | D74: 2009 | E74: رسمية - اصفر | F74: سيارة اطفاء | G74: WDAKHCAB69L381113 | H74: الدفاع المدني/مديرية منطقة مكة المكرمة/الإدارة العامة للدفاع المدني بمحافظة جدة | I74: مركز الدفاع المدني ببترومين | J74: شعبة خزام | K74: تم الاصلاح | L74: ميكانيكي | M74: عطل بالقير | N74: 23-11-1447 | O74: 14-1-1448 | P74: شعبة خزام | Q74: مركز خزام 1 ( خزام )
A75: 1106700020003 | B75: وايت سكس مرسيدس بمضخه وقاذف | C75: ا ه م 1425 | D75: 2014 | E75: رسمية - اصفر | F75: صهريج سكس | G75: WDAKHAAA2EL799237 | H75: الدفاع المدني/مديرية منطقة مكة المكرمة/الإدارة العامة للدفاع المدني بمحافظة جدة | I75: مركز الدفاع المدني بالخزام | J75: شعبة خزام | K75: عطلانة | L75: أخرى | M75: الادراج الخلفية | N75: 13-11-1447 | O75: 12-11-1447 | P75: شعبة خزام | Q75: مركز خزام 1 ( خزام )
A76: 1207700050001 | B76: سيارة قلاب عادي مرسيدس | C76: ا ر ل 1571 | D76: 1983 | E76: رسمية - اصفر | F76: شاحنة | G76: VIN025814 | H76: ادارة العمليات/الإدارة العامة للدفاع المدني بمحافظة جدة | I76: قسم الدعم والإسناد الثاني | J76: مركز الدعم والاسناد الأول والثاني والثالث | K76: عطلانة | L76: أخرى | M76: اعطال متعددة | N76: 2-2-1447 | P76: قسم الاسناد الاول والثاني والثالث
A77: 1204700010003 | B77: سيارة جيب 2 باب نيسان رسمي | C77: ق ص ن 865 | D77: 2002 | E77: رسمية - اخضر | F77: باترول 4 باب | G77: JN8BY14Y52X445601 | H77: الدفاع المدني/مديرية منطقة مكة المكرمة/الإدارة العامة للدفاع المدني بمحافظة جدة | I77: مركز الدفاع المدني بالربوة | J77: شعبة المروة | K77: عطلانة | L77: حادث مروري | M77: حادث مروري | N77: 2-2-1447 | P77: شعبة المروة | Q77: مركز صفا 1 ( المروة )
A78: 1207700050001 | B78: سيارة قلاب عادي مرسيدس | C78: ا ر ل 1574 | D78: 1983 | E78: رسمية - اصفر | F78: شاحنة | G78: VIN925943 | H78: ادارة العمليات/الإدارة العامة للدفاع المدني بمحافظة جدة | I78: قسم الدعم والإسناد الثالث | J78: مركز الدعم والاسناد الأول والثاني والثالث | K78: تم الاصلاح | L78: أخرى | M78: اعطال متعددة | N78: 2-2-1447 | O78: 13-1-1448 | P78: قسم الاسناد الاول والثاني والثالث
A79: 1101700010006 | B79: سيارة اطفاء وانقاذ مزدوجة كومندر | C79: ا و ع 4404 | D79: 2014 | E79: رسمية - اصفر | F79: سيارة اطفاء | G79: 54F2AA501EWE10370 | H79: الدفاع المدني/مديرية منطقة مكة المكرمة/الإدارة العامة للدفاع المدني بمحافظة جدة | I79: مركز الدفاع المدني بالحمراء | J79: شعبة الحمدانية | K79: عطلانة | L79: ميكانيكي | M79: أصوات بالهوبات | N79: 17-12-1447 | O79: 24-10-1447 | P79: شعبة الحمدانية | Q79: مركز شمال 2 ( بريمان )
A80: 1106700010010 | B80: وايت عادي اكتروس بمضخه وقاذف | C80: س ح ط 156 | D80: 2003 | E80: رسمية - اصفر | F80: صهريج عادي | G80: WDB9500131K814822 | H80: الدفاع المدني/مديرية منطقة مكة المكرمة/الإدارة العامة للدفاع المدني بمحافظة جدة | I80: مركز الدفاع المدني بحي الرياض | J80: شعبة الحمدانية | K80: عطلانة | L80: ميكانيكي | M80: عطل في الفرامل | N80: 22-10-1446 | P80: شعبة الحمدانية | Q80: مركز شمال 3 ( الرحيلي )
A81: 1105700150004 | B81: شاحنة مخصصة لأعمال التطهير | C81: ا ه و 7367 | D81: 2014 | E81: رسمية - اصفر | F81: شاحنة | G81: WDB9301635L779819 | H81: الدفاع المدني/مديرية منطقة مكة المكرمة/الإدارة العامة للدفاع المدني بمحافظة جدة | I81: مركز التدخل في المواد الخطرة ببريمان | J81: شعبة المروة | K81: تم الاصلاح | L81: أخرى | M81: تهريب خزان الماء | N81: 21-9-1445 | O81: 27-11-1447 | P81: شعبة المروة | Q81: مركز صفا 1 ( المروة ) | R81: الحماية - تدخل الصفا
A82: 1106700020003 | B82: وايت سكس مرسيدس بمضخه وقاذف | C82: ا م ط 4146 | D82: 2012 | E82: رسمية - اصفر | F82: صهريج سكس | G82: WDAKHAAA0CL632520 | H82: الدفاع المدني/مديرية منطقة مكة المكرمة/الإدارة العامة للدفاع المدني بمحافظة جدة | I82: مركز الدفاع المدني بمخطط الرحيلي | J82: شعبة الحمدانية | K82: عطلانة | L82: ميكانيكي | M82: عطل بالدينمو | N82: 21-5-1446 | P82: شعبة الحمدانية | Q82: مركز شمال 3 ( الرحيلي )
A83: 1204700010003 | B83: سيارة جيب 2 باب نيسان رسمي | C83: ا ع ا 9361 | D83: 2000 | E83: رسمية - اخضر | F83: جيب | G83: JN8BY14Y1YX430859 | H83: ادارة العمليات/الإدارة العامة للدفاع المدني بمحافظة جدة | I83: قسم الدعم والإسناد الثاني | J83: مركز الدعم والاسناد الأول والثاني والثالث | K83: عطلانة | L83: ميكانيكي | M83: اعطال بالمكينة | N83: 21-4-1445 | P83: قسم الاسناد الاول والثاني والثالث
A84: 1106700010003 | B84: وايت عادي مرسيدس بمضخة وقاذف | C84: ا د م 2206 | D84: 1989 | E84: رسمية - اصفر | F84: صهريج عادي | G84: 34600155417060 | H84: ادارة العمليات/الإدارة العامة للدفاع المدني بمحافظة جدة | I84: قسم الدعم والإسناد الثاني | J84: مركز الدعم والاسناد الأول والثاني والثالث | K84: عطلانة | L84: أخرى | M84: تهريب هواء من الباكم (الفرامل) | N84: 4-12-1447 | O84: 6-9-1447 | P84: شعبة المروة | Q84: مركز صفا 5 ( الفيصلية )
A85: 1204700010003 | B85: سيارة جيب 2 باب نيسان رسمي | C85: ك ب ص 194 | D85: 2002 | E85: رسمية - اخضر | F85: جيب | G85: JN8BY14Y12X446440 | H85: ادارة العمليات/الإدارة العامة للدفاع المدني بمحافظة جدة | I85: شعبة الدفاع المدني الميدانية بالحمدانية | J85: شعبة الحمدانية | K85: تم الاصلاح | L85: كفرات | M85: كفرات | N85: 16-11-1447 | O85: 25-12-1447 | P85: شعبة الحمدانية | Q85: مركز شمال 1 ( الحمدانية )
A86: 1106700020003 | B86: وايت سكس مرسيدس بمضخه وقاذف | C86: ا ك ى 1595 | D86: 2011 | E86: رسمية - اصفر | F86: صهريج سكس | G86: WDAKHAAA2BL566714 | H86: الدفاع المدني/مديرية منطقة مكة المكرمة/الإدارة العامة للدفاع المدني بمحافظة جدة | I86: مركز الدفاع المدني بالمرحلة الاولى | J86: شعبة الصناعية | K86: عطلانة | L86: أخرى | M86: عطل في الادراج | N86: 19-4-1446 | P86: شعبة الصناعية | Q86: مركز صناعية 2 ( المرحلة الاولى )
A87: 1102700010004 | B87: سيارات انقاذ كبيرة فورد | C87: ا ن ط 2412 | D87: 2012 | E87: رسمية - اصفر | F87: اب اف 350 | G87: 1FD8W3H63CEB64499 | H87: الدفاع المدني/مديرية منطقة مكة المكرمة/الإدارة العامة للدفاع المدني بمحافظة جدة | I87: مركز الدفاع المدني بالربوة | J87: شعبة المروة | K87: عطلانة | L87: أخرى | M87: انقطاع السير وتهريب الماء | N87: 6-10-1447 | P87: شعبة المروة | Q87: مركز صفا 3 ( الربوة )
A88: 1106700020003 | B88: وايت سكس مرسيدس بمضخه وقاذف | C88: ا ه س 8371 | D88: 2013 | E88: رسمية - اصفر | F88: صهريج سكس | G88: WDAKHAAAXDL768039 | H88: الدفاع المدني/مديرية منطقة مكة المكرمة/الإدارة العامة للدفاع المدني بمحافظة جدة | I88: مركز الدفاع المدني بحي النهضة | J88: شعبة الشاطئ | K88: تم الاصلاح | O88: 16-8-1448 | P88: شعبة الشاطئ | Q88: مركز غرب 4 ( النهضة )
A89: 1204700020003 | B89: سيارة جيب 4 باب نيسان رسمي | C89: ا ن ل 6589 | D89: 2009 | E89: رسمية - اصفر | F89: جيب | G89: JN6BY11Y69X518272 | H89: ادارة العمليات/الإدارة العامة للدفاع المدني بمحافظة جدة | I89: قسم الدعم والإسناد الثالث | J89: مركز الدعم والاسناد الأول والثاني والثالث | K89: عطلانة | L89: ميكانيكي | M89: تهريب زيت من علبة الدركسون | N89: 19-3-1447 | P89: قسم الاسناد الاول والثاني والثالث
A90: 1105700080001 | B90: سيارة انارة | C90: ا ص م 3133 | D90: 2010 | E90: رسمية - اصفر | F90: بكب غمارة | G90: 1gd3k2bk6af119036 | H90: ادارة العمليات/الإدارة العامة للدفاع المدني بمحافظة جدة | I90: قسم الدعم والإسناد الثاني | J90: مركز الدعم والاسناد الأول والثاني والثالث | K90: عطلانة | L90: حادث مروري | M90: حادث مروري | N90: 1-9-1445 | P90: قسم الاسناد الاول والثاني والثالث
A91: 1204700010003 | B91: سيارة جيب 2 باب نيسان رسمي | C91: ى ا ل 472 | D91: 2008 | E91: رسمية - اصفر | F91: جيب | G91: JN8BY14Y18X536423 | H91: ادارة العمليات/الإدارة العامة للدفاع المدني بمحافظة جدة | I91: قسم الدعم والإسناد الأول | J91: مركز الدعم والاسناد الأول والثاني والثالث | K91: تم الاصلاح | O91: 23-8-1447 | P91: قسم الاسناد الاول والثاني والثالث
A92: 1107700010002 | B92: رافعة 160 طن | C92: ا ق ى 7558 | D92: 2007 | E92: رسمية - اصفر | F92: كرين | G92: WFN5RUDR172029185 | H92: ادارة العمليات/الإدارة العامة للدفاع المدني بمحافظة جدة | I92: قسم الدعم والإسناد الثاني | J92: مركز الدعم والاسناد الأول والثاني والثالث | K92: عطلانة | L92: ميكانيكي | M92: تهريب في زيت الذراع الايسر | N92: 19-11-1441 | P92: قسم الاسناد الاول والثاني والثالث
A93: 1106700020010 | B93: وايت سكس اكتروس بمضخه وقاذف | C93: ا ر ا 7095 | D93: 2009 | E93: رسمية - اصفر | F93: سيارة اطفاء | G93: WDAKHCAB49L381014 | H93: ادارة العمليات/الإدارة العامة للدفاع المدني بمحافظة جدة | I93: قسم الدعم والإسناد الثالث | J93: شعبة العزيزية | K93: عطلانة | L93: ميكانيكي | M93: عطل بالقيربوكس | N93: 3-8-1447 | P93: شعبة العزيزية | Q93: مركز وسط 1 ( الرحاب )
A94: 1102700020004 | B94: سيارات انقاذ صغيرة فورد | C94: ب ا ق 1510 | D94: 2015 | E94: رسمية - اصفر | F94: اب اف 350 | G94: 1FD8W3H69FEB41068 | H94: ادارة العمليات/الإدارة العامة للدفاع المدني بمحافظة جدة | I94: شعبة الدفاع المدني الميدانية بالعزيزية | J94: الصيانة المركزية | K94: عطلانة | L94: ميكانيكي | M94: عطل في الجيربوكس | N94: 18-2-1446 | P94: شعبة المروة | Q94: مركز صفا 2 ( النزهة ) | R94: شعبة العزيزية
A95: 1204700020003 | B95: سيارة جيب 4 باب نيسان رسمي | C95: ى ط ل 622 | D95: 2008 | E95: رسمية - اصفر | F95: باترول 4 باب | G95: jn6by38x516672 | H95: ادارة العمليات/الإدارة العامة للدفاع المدني بمحافظة جدة | I95: قسم الدعم والإسناد الثاني | J95: مركز الدعم والاسناد الأول والثاني والثالث | K95: تم الاصلاح | O95: 25-10-1447 | P95: قسم الاسناد الاول والثاني والثالث
A96: 1204700020003 | B96: سيارة جيب 4 باب نيسان رسمي | C96: ا ن ل 6448 | D96: 2009 | E96: رسمية - اصفر | F96: جيب | G96: JN6BY11Y99X518136 | H96: ادارة العمليات/الإدارة العامة للدفاع المدني بمحافظة جدة | I96: شعبة الدفاع المدني الميدانية بالعزيزية | J96: شعبة العزيزية | K96: تم الاصلاح | O96: 22-8-1447 | P96: شعبة العزيزية | Q96: مركز وسط 1 ( الرحاب )
A97: 1105700140001 | B97: سيارة تعبئة اجهزة التنفس مرسيدس | C97: ا م ط 4142 | D97: 2012 | E97: رسمية - اصفر | F97: شاحنة | G97: 1fvacycs8chbu9888 | H97: ادارة العمليات/الإدارة العامة للدفاع المدني بمحافظة جدة | I97: قسم الدعم والإسناد الأول | J97: مركز الدعم والاسناد الأول والثاني والثالث | K97: عطلانة | L97: أخرى | M97: صيانة شاملة | N97: 17-2-1447 | P97: قسم الاسناد الاول والثاني والثالث
A98: 1106700020003 | B98: وايت سكس مرسيدس بمضخه وقاذف | C98: ا ن ط 2497 | D98: 2013 | E98: رسمية - اصفر | F98: صهريج سكس | G98: WDAKHAAA7DL716853 | H98: الدفاع المدني/مديرية منطقة مكة المكرمة/الإدارة العامة للدفاع المدني بمحافظة جدة | I98: مركز الدفاع المدني بالكورنيش الجنوبي | J98: شعبة الساحل الجنوبي | K98: عطلانة | L98: حادث مروري | M98: حادث مروري | N98: 1-7-1439 | P98: شعبة الساحل الجنوبي | Q98: مركز جنوب 1 ( الكورنيش )
A99: 1106700020003 | B99: وايت سكس مرسيدس بمضخه وقاذف | C99: ا ك ى 8250 | D99: 2011 | E99: رسمية - اصفر | F99: صهريج سكس | G99: WDAKHAAA9BL560179 | H99: ادارة العمليات/الإدارة العامة للدفاع المدني بمحافظة جدة | I99: قسم الدعم والإسناد الأول | J99: مركز الدعم والاسناد الأول والثاني والثالث | K99: عطلانة | L99: ميكانيكي | M99: ذراع الشيال | N99: 16-6-1446 | P99: قسم الاسناد الاول والثاني والثالث
A100: 1104700010001 | B100: سيارة اسعاف صالون جمس | C100: و ص ر 276 | D100: 2006 | E100: رسمية - اصفر | F100: لم يسجل | G100: 1GKFK16T06J174136 | H100: الإدارة العامة للدفاع المدني بمحافظة جدة/مديرية منطقة مكة المكرمة | I100: مركز الدفاع المدني بالبحارة بثول | J100: مركز ثول | K100: تحت إجراءات الرجيع | L100: كهربائي | M100: اعطال كهربائية | N100: 16-4-1447 | P100: مركز ثول الخارجي | R100: مركز ثول
...

Sheet لوحة التحكم
A9: السنة | B9: الكل | C9: جدول احصائي لحالة المركبات
A10: الشهر | B10: الكل
A11: الاسبوع | B11: الكل
A12: رقم الصنف | B12: نوع السيارة تفصيلي | C12: رقم اللوحة كامل | D12: الموديل | E12: اللون | F12: نوع السيارة عام | G12: رقم الشاصية | H12: الجهة عام | I12: الجهة تفصيلي (تنطيق الاوراكل) | J12: الموقع الالية الحالي | K12: الحالة الفنية | L12: نوع العطل | M12: وصف العطل | N12: تاريخ العطل | O12: تاريخ الإصلاح | P12: جهة العطل | Q12: المركز | R12: ملاحظة | S12: مدة العطل (بالايام)
A13: 1101700010006 | B13: سيارة اطفاء وانقاذ مزدوجة كومندر | C13: ب د ب 8021 | D13: 2016 | E13: رسمية - اصفر | F13: سيارة اطفاء | G13: 54F2AA500GWE11383 | H13: الدفاع المدني/مديرية منطقة مكة المكرمة/الإدارة العامة للدفاع المدني بمحافظة جدة | I13: مركز الدفاع المدني بباب مكة | J13: شعبة البغدادية | K13: تم الاصلاح | L13: كهربائي | M13: عطل كهربائي | N13: 12-11-1447 | O13: 18-11-1447 | P13: شعبة البغدادية | Q13: مركز بلد 3 ( باب مكة ) | S13: =IF( OR(K13="تم الاصلاح", O13<>""), "تم الاصلاح", IF(N13="", "", TODAY()-N13) ) -> تم الاصلاح
A14: 1101700010006 | B14: سيارة اطفاء وانقاذ مزدوجة كومندر | C14: ب ب ق 2256 | D14: 2015 | E14: رسمية - اصفر | F14: سيارة اطفاء | G14: 54F2AA50XFWE11194 | H14: الدفاع المدني/مديرية منطقة مكة المكرمة/الإدارة العامة للدفاع المدني بمحافظة جدة | I14: مركز الدفاع المدني بالخاسكية | J14: شعبة خزام | K14: تم الاصلاح | O14: 3-11-1447 | P14: شعبة خزام | Q14: مركز خزام 2 ( مدائن الفهد ) | R14: لايوجد بديل | S14: =IF( OR(K14="تم الاصلاح", O14<>""), "تم الاصلاح", IF(N14="", "", TODAY()-N14) ) -> تم الاصلاح
A15: 1104700020001 | B15: سيارة اسعاف فان جمس | C15: ا ه ب 4029 | D15: 2012 | E15: رسمية - اصفر وابيض | F15: فان | G15: 1GTW78CG5C1197663 | H15: ادارة العمليات/الإدارة العامة للدفاع المدني بمحافظة جدة | I15: شعبة الدفاع المدني الميدانية بالجامعة | J15: شعبة الجامعة | K15: تم الاصلاح | M15: بطاريات | N15: 9-3-1447 | O15: 6-11-1447 | P15: شعبة الجامعة | Q15: مركز شرق 1 ( الجامعة ) | S15: =IF( OR(K15="تم الاصلاح", O15<>""), "تم الاصلاح", IF(N15="", "", TODAY()-N15) ) -> تم الاصلاح
A16: 1106700020003 | B16: وايت سكس مرسيدس بمضخه وقاذف | C16: ا ه س 8369 | D16: 2013 | E16: رسمية - اصفر | F16: صهريج سكس | G16: WDAKHAAA7DL766569 | H16: الدفاع المدني/مديرية منطقة مكة المكرمة/الإدارة العامة للدفاع المدني بمحافظة جدة | I16: مركز الدفاع المدني بالعزيزية | J16: شعبة العزيزية | K16: تم الاصلاح | L16: أخرى | M16: قفل البكرة + بواكم + حساس فحمة الفرامل+مكينة زجاج يسار | N16: 2-12-1447 | O16: 8-12-1447 | P16: شعبة العزيزية | Q16: مركز وسط 2 ( العزيزية ) | S16: =IF( OR(K16="تم الاصلاح", O16<>""), "تم الاصلاح", IF(N16="", "", TODAY()-N16) ) -> تم الاصلاح
A17: 1105700080001 | B17: سيارة انارة | C17: ا ل ط 6396 | D17: 2011 | E17: رسمية - اصفر | F17: اف 450 | G17: 1fdtf4hy5bec59128 | H17: ادارة العمليات/الإدارة العامة للدفاع المدني بمحافظة جدة | I17: قسم الدعم والإسناد الثالث | J17: مركز الدعم والاسناد الأول والثاني والثالث | K17: تم الاصلاح | L17: كهربائي | M17: التماس كهربائي في السيارة | N17: 9-2-1447 | O17: 19-11-1447 | P17: قسم الاسناد الاول والثاني والثالث | S17: =IF( OR(K17="تم الاصلاح", O17<>""), "تم الاصلاح", IF(N17="", "", TODAY()-N17) ) -> تم الاصلاح
A18: 1106700010003 | B18: وايت عادي مرسيدس بمضخة وقاذف | C18: د ن ل 713 | D18: 1989 | E18: رسمية - اصفر | F18: صهريج عادي | G18: 40402055346001 | H18: ادارة العمليات/الإدارة العامة للدفاع المدني بمحافظة جدة | I18: قسم الدعم والإسناد الثاني | J18: مركز الدعم والاسناد الأول والثاني والثالث | K18: تم الاصلاح | O18: 20-9-1447 | P18: قسم الاسناد الاول والثاني والثالث | S18: =IF( OR(K18="تم الاصلاح", O18<>""), "تم الاصلاح", IF(N18="", "", TODAY()-N18) ) -> تم الاصلاح
A19: 1204700030001 | B19: سيارة جيب شاص تويوتا رسمي | C19: ا ع ل 7710 | D19: 2010 | E19: رسمية - اصفر | F19: جيب بكب | G19: JTFLU73JXA4512736 | H19: ادارة العمليات/الإدارة العامة للدفاع المدني بمحافظة جدة | I19: شعبة الدفاع المدني الميدانية بالصناعية | J19: شعبة الصناعية | K19: تم الاصلاح | O19: 7-8-1447 | P19: شعبة الصناعية | Q19: مركز صناعية 1 ( الصناعية ) | S19: =IF( OR(K19="تم الاصلاح", O19<>""), "تم الاصلاح", IF(N19="", "", TODAY()-N19) ) -> تم الاصلاح
A20: 1101700010006 | B20: سيارة اطفاء وانقاذ مزدوجة كومندر | C20: ب ا د 8241 | D20: 2015 | E20: رسمية - اصفر | F20: سيارة اطفاء | G20: 54F2AA505FWE11054 | H20: الدفاع المدني/مديرية منطقة مكة المكرمة/الإدارة العامة للدفاع المدني بمحافظة جدة | I20: مركز الدفاع المدني بالخزام | J20: شعبة المروة | K20: تم الاصلاح | L20: حادث مروري | M20: حادث مروري | N20: 2-12-1445 | O20: 29-1-1448 | P20: شعبة المروة | Q20: مركز صفا 2 ( النزهة ) | R20: الجهة شعبة خزام | S20: =IF( OR(K20="تم الاصلاح", O20<>""), "تم الاصلاح", IF(N20="", "", TODAY()-N20) ) -> تم الاصلاح
A21: 1106700010003 | B21: وايت عادي مرسيدس بمضخة وقاذف | C21: ر ص س 200 | D21: 1981 | E21: رسمية - اصفر | F21: صهريج عادي | G21: 34631154808228 | H21: الدفاع المدني/مديرية منطقة مكة المكرمة/الإدارة العامة للدفاع المدني بمحافظة جدة | I21: قسم الدعم والاسناد الأول | J21: مركز الدعم والاسناد الأول والثاني والثالث | K21: عطلانة | L21: مضخات | M21: مضخة وتجديد | N21: 8-4-1447 | P21: شعبة العزيزية | Q21: مركز وسط 5 ( الاندلس ) | R21: شعبة العزيزية | S21: =IF( OR(K21="تم الاصلاح", O21<>""), "تم الاصلاح", IF(N21="", "", TODAY()-N21) ) -> #VALUE!
A22: 1303700010001 | B22: دراجة نارية ياماها 250 | C22: ص ا 661 | D22: 2010 | E22: رسمية - اخضر | F22: دراجة نارية | G22: JYA4TN00000014030 | H22: ادارة العمليات/الإدارة العامة للدفاع المدني بمحافظة جدة | I22: قسم الدعم والإسناد الأول | J22: مركز الدعم والاسناد الأول والثاني والثالث | K22: تم الاصلاح | O22: 3-8-1447 | P22: قسم الاسناد الاول والثاني والثالث | S22: =IF( OR(K22="تم الاصلاح", O22<>""), "تم الاصلاح", IF(N22="", "", TODAY()-N22) ) -> تم الاصلاح
A23: 1101700010006 | B23: سيارة اطفاء كبيره روزنباور | C23: ا ص م 3537 | D23: 2006 | E23: رسمية - اصفر | F23: سيارة اطفاء | G23: 44KFT42846WZ20824 | H23: ادارة العمليات/الإدارة العامة للدفاع المدني بمحافظة جدة | I23: قسم الدعم والإسناد الثاني | J23: مركز الدعم والاسناد الأول والثاني والثالث | K23: عطلانة | L23: مضخات | M23: مفتاح المضخة | N23: 8-4-1447 | P23: قسم الاسناد الاول والثاني والثالث | S23: =IF( OR(K23="تم الاصلاح", O23<>""), "تم الاصلاح", IF(N23="", "", TODAY()-N23) ) -> #VALUE!
A24: 1106700010010 | B24: وايت عادي اكتروس بمضخه وقاذف | C24: س ق ه 393 | D24: 2004 | E24: رسمية - اصفر | F24: صهريج سكس | G24: WDB9300131K913344 | H24: ادارة العمليات/الإدارة العامة للدفاع المدني بمحافظة جدة | I24: قسم الدعم والإسناد الثاني | J24: الصيانة المركزية | K24: عطلانة | L24: أخرى | M24: تهريب ديزل + وتهريب من المضخة | N24: 28-12-1447 | O24: 27-12-1447 | P24: قسم الاسناد الاول والثاني والثالث | S24: =IF( OR(K24="تم الاصلاح", O24<>""), "تم الاصلاح", IF(N24="", "", TODAY()-N24) ) -> تم الاصلاح
A25: 1106700020003 | B25: وايت سكس مرسيدس بمضخه وقاذف | C25: ا و م 2858 | D25: 2014 | E25: رسمية - اصفر | F25: سيارة اطفاء | G25: WDAKHAAA4EL854870 | H25: الدفاع المدني/مديرية منطقة مكة المكرمة/الإدارة العامة للدفاع المدني بمحافظة جدة | I25: مركز الدفاع المدني بحي مشرفة | J25: شعبة الشاطئ | K25: تم الاصلاح | L25: ميكانيكي | M25: عطل في القير | N25: 18-11-1447 | O25: 3-12-1447 | P25: شعبة الشاطئ | Q25: مركز غرب 2 ( الخالدية ) | S25: =IF( OR(K25="تم الاصلاح", O25<>""), "تم الاصلاح", IF(N25="", "", TODAY()-N25) ) -> تم الاصلاح
A26: 1106700020010 | B26: وايت سكس اكتروس بمضخه وقاذف | C26: ا ر ا 7183 | D26: 2009 | E26: رسمية - اصفر | F26: صهريج سكس | G26: WDAKHCAB69L381015 | H26: ادارة العمليات/الإدارة العامة للدفاع المدني بمحافظة جدة | I26: قسم الدعم والإسناد الثالث | J26: شعبة الحمدانية | K26: عطلانة | L26: ميكانيكي | M26: لايقبل التعشيق | N26: 1-10-1447 | P26: شعبة الحمدانية | Q26: مركز شمال 1 ( الحمدانية ) | S26: =IF( OR(K26="تم الاصلاح", O26<>""), "تم الاصلاح", IF(N26="", "", TODAY()-N26) ) -> #VALUE!
A27: 1101700020004 | B27: سيارة اطفاء صغيرة فورد | C27: ا ر ل 1863 | D27: 2003 | E27: رسمية - اصفر | F27: سيارة اطفاء | G27: 1FDXW47P43EC54014 | H27: الدفاع المدني/مديرية منطقة مكة المكرمة/الإدارة العامة للدفاع المدني بمحافظة جدة | I27: مركز الدفاع المدني بحي البوادي | J27: الصيانة المركزية | K27: تحت إجراءات الرجيع | L27: كهربائي | M27: عطل في الكهرباء | N27: 8-2-1445 | P27: شعبة الاسكان | Q27: مركز اسكان 1 ( الاسكان الجنوبي ) | R27: بديل من الاسناد --خزام 2 | S27: =IF( OR(K27="تم الاصلاح", O27<>""), "تم الاصلاح", IF(N27="", "", TODAY()-N27) ) -> #VALUE!
A28: 1204700030001 | B28: سيارة جيب شاص تويوتا رسمي | C28: ا ص ط 4840 | D28: 2009 | E28: رسمية - اصفر | F28: جيب بكب | G28: jtflj71j698018387 | H28: ادارة العمليات/الإدارة العامة للدفاع المدني بمحافظة جدة | I28: قسم الدعم والإسناد الأول | J28: مركز الدعم والاسناد الأول والثاني والثالث | K28: عطلانة | L28: أخرى | M28: عطل في مفتاح البودرة | N28: 7-4-1445 | P28: قسم الاسناد الاول والثاني والثالث | S28: =IF( OR(K28="تم الاصلاح", O28<>""), "تم الاصلاح", IF(N28="", "", TODAY()-N28) ) -> #VALUE!
A29: 1106700020003 | B29: وايت سكس مرسيدس بمضخه وقاذف | C29: ا و م 7674 | D29: 2014 | E29: رسمية - اصفر | F29: سيارة اطفاء | G29: WDAKHAAA5EL866669 | H29: الدفاع المدني/مديرية منطقة مكة المكرمة/الإدارة العامة للدفاع المدني بمحافظة جدة | I29: مركز الدفاع المدني بالخمرة | J29: شعبة الساحل الجنوبي | K29: عطلانة | L29: كهربائي | M29: خلل في الكهرباء | N29: 10-1-1448 | O29: 27-11-1447 | P29: شعبة الساحل الجنوبي | Q29: مركز جنوب 4 ( الخمرة ) | S29: =IF( OR(K29="تم الاصلاح", O29<>""), "تم الاصلاح", IF(N29="", "", TODAY()-N29) ) -> تم الاصلاح
A30: 1102700010004 | B30: سيارات انقاذ كبيرة فورد | C30: ا ن ط 2419 | D30: 2012 | E30: رسمية - اصفر | F30: اب اف 350 | G30: 1FD8W3H67CEB64487 | H30: الدفاع المدني/مديرية منطقة مكة المكرمة/الإدارة العامة للدفاع المدني بمحافظة جدة | I30: مركز الدفاع المدني بالنزهة | J30: شعبة المروة | K30: عطلانة | L30: أخرى | M30: تهريب في تانكي البنزين | N30: 26-1-1448 | O30: 25-12-1447 | P30: شعبة المروة | Q30: مركز صفا 2 ( النزهة ) | S30: =IF( OR(K30="تم الاصلاح", O30<>""), "تم الاصلاح", IF(N30="", "", TODAY()-N30) ) -> تم الاصلاح
A31: 1105700080001 | B31: سيارة انارة | C31: ب ا ق 1832 | D31: 2015 | E31: رسمية - اصفر | F31: اف 450 | G31: 1FDTF4HY5FEB64249 | H31: ادارة العمليات/الإدارة العامة للدفاع المدني بمحافظة جدة | I31: قسم الدعم والإسناد الثاني | J31: مركز الدعم والاسناد الأول والثاني والثالث | K31: تعمل بوجود ملاحظات | L31: كهربائي | M31: عطل حساس القير | N31: 6-4-1446 | P31: قسم الاسناد الاول والثاني والثالث | S31: =IF( OR(K31="تم الاصلاح", O31<>""), "تم الاصلاح", IF(N31="", "", TODAY()-N31) ) -> #VALUE!
A32: 1106700020003 | B32: وايت سكس مرسيدس بمضخه وقاذف | C32: أ ن ط 2502 | D32: 2013 | E32: رسمية - اصفر | F32: صهريج سكس | G32: WDAKHAAA6DL716861 | H32: ادارة العمليات/الإدارة العامة للدفاع المدني بمحافظة جدة | I32: قسم الدعم والإسناد الثالث | J32: مركز الدعم والاسناد الأول والثاني والثالث | K32: تم الاصلاح | L32: ميكانيكي | M32: بواكم الهواء | N32: 6-2-1447 | O32: 30-11-1447 | P32: قسم الاسناد الاول والثاني والثالث | S32: =IF( OR(K32="تم الاصلاح", O32<>""), "تم الاصلاح", IF(N32="", "", TODAY()-N32) ) -> تم الاصلاح
A33: 1204700010003 | B33: سيارة جيب 2 باب نيسان رسمي | C33: ا ل ع 1091 | D33: 2009 | E33: رسمية - اصفر | F33: جيب | G33: JN8BY14YX9X539595 | H33: ادارة العمليات/الإدارة العامة للدفاع المدني بمحافظة جدة | I33: شعبة الدفاع المدني الميدانية بالحمدانية | J33: شعبة الحمدانية | K33: عطلانة | L33: أخرى | M33: ارتفاع درجة الحرارة | N33: 5-8-1446 | P33: شعبة الحمدانية | Q33: مركز شمال 1 ( الحمدانية ) | R33: بديل من الشعبة | S33: =IF( OR(K33="تم الاصلاح", O33<>""), "تم الاصلاح", IF(N33="", "", TODAY()-N33) ) -> #VALUE!
A34: 1106700020003 | B34: وايت سكس مرسيدس بمضخه وقاذف | C34: ا ص م 3618 | D34: 1983 | E34: رسمية - اصفر | F34: صهريج سكس | G34: 3430154805270 | H34: الدفاع المدني/مديرية منطقة مكة المكرمة/الإدارة العامة للدفاع المدني بمحافظة جدة | I34: مركز الدفاع المدني بالاسواق الشعبية | J34: شعبة الصناعية | K34: تم الاصلاح | L34: ميكانيكي | M34: عطل في القير | N34: 5-8-1446 | O34: 24-1-1448 | P34: شعبة الصناعية | Q34: مركز صناعية 3 ( الاسواق الشعبية ) | R34: يوجد بديل من الشعبة | S34: =IF( OR(K34="تم الاصلاح", O34<>""), "تم الاصلاح", IF(N34="", "", TODAY()-N34) ) -> تم الاصلاح
A35: 1102700010004 | B35: سيارات انقاذ كبيرة فورد | C35: ا ح ع 3209 | D35: 2008 | E35: رسمية - اصفر | F35: شاحنة | G35: 1FDWW37Y58EB05374 | H35: ادارة العمليات/الإدارة العامة للدفاع المدني بمحافظة جدة | I35: قسم الدعم والإسناد الثاني | J35: مركز الدعم والاسناد الأول والثاني والثالث | K35: عطلانة | L35: أخرى | M35: الادراج +السفتي +الونان+الفرامل | N35: 5-8-1444 | P35: قسم الاسناد الاول والثاني والثالث | S35: =IF( OR(K35="تم الاصلاح", O35<>""), "تم الاصلاح", IF(N35="", "", TODAY()-N35) ) -> #VALUE!
A36: 1105700010001 | B36: سيارة سلالم 28 متر | C36: ا ك ع 1641 | D36: 2006 | E36: رسمية - اصفر | F36: رافعة تلسكوبيه | G36: WJMAIVRM004312280 | H36: ادارة العمليات/الإدارة العامة للدفاع المدني بمحافظة جدة | I36: قسم الدعم والإسناد الثاني | J36: مركز الدعم والاسناد الأول والثاني والثالث | K36: تم الاصلاح | L36: أخرى | M36: اعطال متعدده | N36: 2-1-1448 | O36: 15-1-1448 | P36: شعبة الشاطئ | Q36: مركز غرب 1 ( الشاطئ ) | R36: ( سلالم الطائف) | S36: =IF( OR(K36="تم الاصلاح", O36<>""), "تم الاصلاح", IF(N36="", "", TODAY()-N36) ) -> تم الاصلاح
A37: 1106700020003 | B37: وايت سكس مرسيدس بمضخه وقاذف | C37: أ د م 4920 | D37: 2003 | E37: رسمية - اصفر | F37: صهريج سكس | G37: WDB9500135K765118 | H37: ادارة العمليات/الإدارة العامة للدفاع المدني بمحافظة جدة | I37: قسم الدعم والإسناد الثالث | J37: مركز الدعم والاسناد الأول والثاني والثالث | K37: عطلانة | L37: خلل فني | M37: عصا القير وتنسيم هواء من احد الخزانات | N37: 24-8-1447 | P37: قسم الاسناد الاول والثاني والثالث | S37: =IF( OR(K37="تم الاصلاح", O37<>""), "تم الاصلاح", IF(N37="", "", TODAY()-N37) ) -> #VALUE!
A38: 1104700010001 | B38: سيارة اسعاف صالون جمس | C38: ب ل ص 9475 | D38: 2005 | E38: رسمية - اصفر | F38: صالون | G38: 3GKFK16T05G272258 | H38: ادارة العمليات/الإدارة العامة للدفاع المدني بمحافظة جدة | I38: شعبة الدفاع المدني الميدانية بالإسكان الجنوبي | J38: شعبة الإسكان الجنوبي | K38: تم الاصلاح | M38: بطاريات | N38: 4-5-1447 | O38: 5-11-1447 | P38: شعبة الاسكان | Q38: مركز اسكان 1 ( الاسكان الجنوبي ) | S38: =IF( OR(K38="تم الاصلاح", O38<>""), "تم الاصلاح", IF(N38="", "", TODAY()-N38) ) -> تم الاصلاح
A39: 1106700020003 | B39: وايت سكس مرسيدس بمضخه وقاذف | C39: أ ن ب 3894 | D39: 2013 | E39: رسمية - اصفر | F39: صهريج سكس | G39: WDAKHAAA2DL713777 | H39: ادارة العمليات/الإدارة العامة للدفاع المدني بمحافظة جدة | I39: قسم الدعم والإسناد الثاني | J39: شعبة الحمدانية | K39: عطلانة | L39: أخرى | M39: كسر في الفلتر والرفرف | N39: 4-3-1447 | P39: شعبة الحمدانية | Q39: مركز شمال 5 ( ذهبان ) | R39: الاسناد | S39: =IF( OR(K39="تم الاصلاح", O39<>""), "تم الاصلاح", IF(N39="", "", TODAY()-N39) ) -> #VALUE!
A40: 1207700040006 | B40: سيارة رآس تريلا سكس مان | C40: ا ن د 4774 | D40: 2013 | E40: رسمية - اصفر | F40: تريلا | G40: WMA26WZZ6DM613818 | H40: ادارة العمليات/الإدارة العامة للدفاع المدني بمحافظة جدة | I40: قسم الدعم والإسناد الثاني | J40: مركز الدعم والاسناد الأول والثاني والثالث | K40: عطلانة | L40: ميكانيكي | M40: تهريب هواء من الباكم (الفرامل) | N40: 1-12-1447 | O40: 10-11-1447 | P40: قسم الاسناد الاول والثاني والثالث | S40: =IF( OR(K40="تم الاصلاح", O40<>""), "تم الاصلاح", IF(N40="", "", TODAY()-N40) ) -> تم الاصلاح
A41: 1204700010003 | B41: سيارة جيب 2 باب نيسان رسمي | C41: ا م ط 6540 | D41: 2006 | E41: رسمية - اصفر | F41: جيب | G41: JN8BY14Y06X525619 | H41: ادارة العمليات/الإدارة العامة للدفاع المدني بمحافظة جدة | I41: شعبة الدفاع المدني الميدانية بالإسكان الجنوبي | J41: شعبة الإسكان الجنوبي | K41: عطلانة | L41: ميكانيكي | M41: تهريب في ماء الرديتر | N41: 3-9-1446 | P41: شعبة الاسكان | Q41: مركز اسكان 1 ( الاسكان الجنوبي ) | S41: =IF( OR(K41="تم الاصلاح", O41<>""), "تم الاصلاح", IF(N41="", "", TODAY()-N41) ) -> #VALUE!
A42: 1106700010003 | B42: وايت عادي مرسيدس بمضخة وقاذف | C42: ا د م 2203 | D42: 1989 | E42: رسمية - اصفر | F42: صهريج عادي | G42: 34600155410132 | H42: ادارة العمليات/الإدارة العامة للدفاع المدني بمحافظة جدة | I42: شعبة الدفاع المدني الميدانية بالمروة | J42: شعبة المروة | K42: تم الاصلاح | L42: خلل فني | M42: تهريب هواء وثقل بالفرامل | N42: 22-9-1447 | O42: 17-1-1448 | P42: شعبة الحمدانية | Q42: مركز شمال 3 ( الرحيلي ) | S42: =IF( OR(K42="تم الاصلاح", O42<>""), "تم الاصلاح", IF(N42="", "", TODAY()-N42) ) -> تم الاصلاح
A43: 1201700020002 | B43: وايت ماء سقيا سكس مان | C43: ا ى ن 3852 | D43: 2015 | E43: رسمية - اصفر | F43: صهريج سكس (32) م2 | G43: RS076WZZXFD008481 | H43: ادارة العمليات/الإدارة العامة للدفاع المدني بمحافظة جدة | I43: قسم الدعم والإسناد الثالث | J43: شعبة أبحر | K43: عطلانة | L43: أخرى | M43: تهريب بلف الغطاس | N43: 3-4-1446 | P43: شعبة ابحر | Q43: مركز ابحر 1 ( ابحر الجنوبية ) | R43: الاسناد | S43: =IF( OR(K43="تم الاصلاح", O43<>""), "تم الاصلاح", IF(N43="", "", TODAY()-N43) ) -> #VALUE!
A44: 1204700010003 | B44: سيارة جيب 2 باب نيسان رسمي | C44: ا ل ع 1060 | D44: 2009 | E44: رسمية - اصفر | F44: جيب | G44: JN8BY14Y29X539588 | H44: ادارة العمليات/الإدارة العامة للدفاع المدني بمحافظة جدة | I44: شعبة الدفاع المدني الميدانية بالشاطئ | J44: شعبة الشاطئ | K44: تم الاصلاح | O44: 6-8-1447 | P44: شعبة الشاطئ | Q44: مركز غرب 1 ( الشاطئ ) | S44: =IF( OR(K44="تم الاصلاح", O44<>""), "تم الاصلاح", IF(N44="", "", TODAY()-N44) ) -> تم الاصلاح
A45: 1106700020003 | B45: وايت سكس مرسيدس بمضخه وقاذف | C45: ا ه س 6583 | D45: 2013 | E45: رسمية - اصفر | F45: صهريج سكس | G45: WDAKHAAA3DL772417 | H45: الدفاع المدني/مديرية منطقة مكة المكرمة/الإدارة العامة للدفاع المدني بمحافظة جدة | I45: مركز الدفاع المدني بالربوة | J45: شعبة المروة | K45: تم الاصلاح | O45: 13-8-1447 | P45: شعبة المروة | Q45: مركز صفا 3 ( الربوة ) | S45: =IF( OR(K45="تم الاصلاح", O45<>""), "تم الاصلاح", IF(N45="", "", TODAY()-N45) ) -> تم الاصلاح
A46: 1105700100001 | B46: سيارة فان افيكو رسمي للتجهيزات الفنية لوحدة الغواصين | C46: ب ا ح 2731 | D46: 2015 | E46: رسمية - اصفر | F46: فان | G46: ZCFC50AY6FD540305 | H46: ادارة العمليات/الإدارة العامة للدفاع المدني بمحافظة جدة | I46: قسم الدعم والإسناد الثالث | J46: شعبة البغدادية | K46: تم الاصلاح | O46: 13-8-1448 | P46: شعبة البغدادية | Q46: مركز بلد 1 ( الحمراء ) | S46: =IF( OR(K46="تم الاصلاح", O46<>""), "تم الاصلاح", IF(N46="", "", TODAY()-N46) ) -> تم الاصلاح
A47: 1106700020003 | B47: وايت سكس مرسيدس بمضخه وقاذف | C47: ا ن ط 2479 | D47: 2013 | E47: رسمية - اصفر | F47: صهريج سكس | G47: WDAKHAAA9DL719091 | H47: الدفاع المدني/مديرية منطقة مكة المكرمة/الإدارة العامة للدفاع المدني بمحافظة جدة | I47: مركز الدفاع المدني بالمروة | J47: شعبة المروة | K47: تم الاصلاح | L47: ميكانيكي | M47: تهريب هواء | N47: 30-3-1447 | O47: 22-1-1448 | P47: شعبة المروة | Q47: مركز صفا 5 ( الفيصلية ) | S47: =IF( OR(K47="تم الاصلاح", O47<>""), "تم الاصلاح", IF(N47="", "", TODAY()-N47) ) -> تم الاصلاح
A48: 1104700020001 | B48: سيارة اسعاف فان جمس | C48: ا ه ب 4251 | D48: 2012 | E48: رسمية - اصفر وابيض | F48: فان | G48: 1GTW78CG0C1193679 | H48: ادارة العمليات/الإدارة العامة للدفاع المدني بمحافظة جدة | I48: شعبة الدفاع المدني الميدانية بالعزيزية | J48: شعبة العزيزية | K48: عطلانة | L48: كهربائي | M48: التماس كهربائي في الكابينة | N48: 30-1-1447 | P48: شعبة العزيزية | Q48: مركز وسط 1 ( الرحاب ) | S48: =IF( OR(K48="تم الاصلاح", O48<>""), "تم الاصلاح", IF(N48="", "", TODAY()-N48) ) -> #VALUE!
A49: 1102700010004 | B49: سيارات انقاذ كبيرة فورد | C49: ا ص م 3845 | D49: 2010 | E49: رسمية - اصفر | F49: شاحنة | G49: 1FDWW3HY6AEA69487 | H49: ادارة العمليات/الإدارة العامة للدفاع المدني بمحافظة جدة | I49: قسم الدعم والإسناد الأول | J49: مركز الدعم والاسناد الأول والثاني والثالث | K49: عطلانة | L49: كهربائي | M49: عطل في السلف | N49: 21-1-1448 | O49: 20-1-1448 | P49: شعبة العزيزية | Q49: مركز وسط 2 ( العزيزية ) | S49: =IF( OR(K49="تم الاصلاح", O49<>""), "تم الاصلاح", IF(N49="", "", TODAY()-N49) ) -> تم الاصلاح
A50: 1106700020003 | B50: وايت سكس مرسيدس بمضخه وقاذف | C50: أ ن ط 2496 | D50: 2013 | E50: رسمية - اصفر | F50: صهريج سكس | G50: WDAKHAAA5DL716852 | H50: الدفاع المدني/مديرية منطقة مكة المكرمة/الإدارة العامة للدفاع المدني بمحافظة جدة | I50: مركز الدفاع المدني بالسالمية | J50: مركز الدعم والاسناد الأول والثاني والثالث | K50: عطلانة | L50: حادث مروري | M50: حادث مروري | N50: 29-8-1439 | P50: شعبة السالمية | Q50: مركز سالمية 1 ( السالمية ) | S50: =IF( OR(K50="تم الاصلاح", O50<>""), "تم الاصلاح", IF(N50="", "", TODAY()-N50) ) -> #VALUE!
A51: 1105700100001 | B51: سيارة فان افيكو رسمي للتجهيزات الفنية لوحدة الغواصين | C51: ا ك ب 4812 | D51: 2010 | E51: رسمية - اصفر | F51: فان | G51: ZCFC50AD4B5836876 | H51: ادارة العمليات/الإدارة العامة للدفاع المدني بمحافظة جدة | I51: قسم الدعم والإسناد الأول | J51: ورشة خارجية | K51: عطلانة | L51: أخرى | M51: تأخير في التشغيل | N51: 29-5-1446 | P51: شعبة الجامعة | Q51: مركز شرق 1 ( الجامعة ) | R51: بديل من الشعبة | S51: =IF( OR(K51="تم الاصلاح", O51<>""), "تم الاصلاح", IF(N51="", "", TODAY()-N51) ) -> #VALUE!
A52: 1105700150001 | B52: شاحنة لأعمال التدخل والانقاذ في حوادث الزلازل | C52: أ ص م 3992 | D52: 2010 | E52: رسمية - اصفر | F52: شاحنة | G52: WDJA01932BN141507 | H52: ادارة العمليات/الإدارة العامة للدفاع المدني بمحافظة جدة | I52: قسم الدعم والإسناد الثاني | J52: شعبة البغدادية | K52: تم الاصلاح | O52: 26-10-1447 | P52: شعبة البغدادية | Q52: مركز بلد 1 ( الحمراء ) | R52: انهيارات البلد | S52: =IF( OR(K52="تم الاصلاح", O52<>""), "تم الاصلاح", IF(N52="", "", TODAY()-N52) ) -> تم الاصلاح
A53: 1205700030009 | B53: سيارة فان مصندق افيكو رسمي مزودة بروبوت للتدخل في المواد الخطرة | C53: ا ن و 1933 | D53: 2013 | E53: رسمية - اصفر | F53: فان | G53: ZCFC50AD2D5941113 | H53: الدفاع المدني/مديرية منطقة مكة المكرمة/الإدارة العامة للدفاع المدني بمحافظة جدة | I53: مركز التدخل في المواد الخطرة بالصناعية | J53: شعبة الإسكان الجنوبي | K53: تم الاصلاح | L53: أخرى | M53: المكيف + قزاز الأبواب | N53: 2-9-1446 | O53: 27-11-1447 | P53: شعبة الاسكان | Q53: مركز اسكان 1 ( الاسكان الجنوبي ) | R53: الحماية - تدخل الإسكان | S53: =IF( OR(K53="تم الاصلاح", O53<>""), "تم الاصلاح", IF(N53="", "", TODAY()-N53) ) -> تم الاصلاح
A54: 1106700010003 | B54: وايت عادي مرسيدس بمضخة وقاذف | C54: ا ق ى 7533 | D54: 1988 | E54: رسمية - اصفر | F54: صهريج عادي | G54: 33208955346001 | H54: ادارة العمليات/الإدارة العامة للدفاع المدني بمحافظة جدة | I54: قسم الدعم والإسناد الثاني | J54: مركز الدعم والاسناد الأول والثاني والثالث | K54: عطلانة | L54: أخرى | M54: اعطال متعددة | N54: 16-1-1448 | O54: 20-9-1447 | P54: شعبة الاسكان | Q54: مركز اسكان 3 ( الالفية ) | R54: الجهة الاسناد--إسكان 3 | S54: =IF( OR(K54="تم الاصلاح", O54<>""), "تم الاصلاح", IF(N54="", "", TODAY()-N54) ) -> تم الاصلاح
A55: 1108700020001 | B55: غراف شيول وسط | C55: ا د ع 2018 | D55: 2015 | E55: رسمية - اصفر | F55: شيول | G55: 90C51512 | H55: ادارة العمليات/الإدارة العامة للدفاع المدني بمحافظة جدة | I55: قسم الدعم والإسناد الثالث | J55: مركز الدعم والاسناد الأول والثاني والثالث | K55: تم الاصلاح | O55: 20-10-1447 | P55: قسم الاسناد الاول والثاني والثالث | S55: =IF( OR(K55="تم الاصلاح", O55<>""), "تم الاصلاح", IF(N55="", "", TODAY()-N55) ) -> تم الاصلاح
A56: 1204700020009 | B56: سيارة جيب 4 باب ديهاتسو رسمي | C56: ح م ح 4415 | D56: 2016 | E56: رسمية - اصفر | F56: يتريوس | G56: JD2GJ5220G3013021 | H56: المديرية العامة للدفاع المدني للمواسم/الدفاع المدني/مديرية منطقة مكة المكرمة | I56: مركز السلامة الميدانية بالسالمية | J56: شعبة العزيزية | K56: عطلانة | L56: ميكانيكي | M56: عدم تغيير النمر + لمبة القير | N56: 28-3-1447 | P56: شعبة العزيزية | Q56: مركز وسط 1 ( الرحاب ) | S56: =IF( OR(K56="تم الاصلاح", O56<>""), "تم الاصلاح", IF(N56="", "", TODAY()-N56) ) -> #VALUE!
A57: 1105700010002 | B57: سيارة سلالم 52 متر | C57: ا ا ر 4625 | D57: 2008 | E57: رسمية - اصفر | F57: شاحنة | G57: WJME2NST20C184936 | H57: ادارة العمليات/الإدارة العامة للدفاع المدني بمحافظة جدة | I57: شعبة الدفاع المدني الميدانية بالشاطئ | J57: شعبة الشاطئ | K57: عطلانة | L57: ميكانيكي | M57: عطل في السلة | N57: 27-7-1446 | P57: شعبة الشاطئ | Q57: مركز غرب 1 ( الشاطئ ) | S57: =IF( OR(K57="تم الاصلاح", O57<>""), "تم الاصلاح", IF(N57="", "", TODAY()-N57) ) -> #VALUE!
A58: 1106700020003 | B58: وايت سكس مرسيدس بمضخه وقاذف | C58: ا ك ى 1593 | D58: 2011 | E58: رسمية - اصفر | F58: صهريج سكس | G58: WDAKHAAA7BL566711 | H58: ادارة العمليات/الإدارة العامة للدفاع المدني بمحافظة جدة | I58: قسم الدعم والإسناد الثاني | J58: مركز الدعم والاسناد الأول والثاني والثالث | K58: تم الاصلاح | L58: كهربائي | M58: الالية لاتشتغل | N58: 3-12-1447 | O58: 14-1-1448 | P58: قسم الاسناد الاول والثاني والثالث | S58: =IF( OR(K58="تم الاصلاح", O58<>""), "تم الاصلاح", IF(N58="", "", TODAY()-N58) ) -> تم الاصلاح
A59: 1106700020003 | B59: وايت سكس مرسيدس بمضخه وقاذف | C59: ا و م 4089 | D59: 2014 | E59: رسمية - اصفر | F59: صهريج سكس | G59: WDAKHAAA0EL861766 | H59: الدفاع المدني/مديرية منطقة مكة المكرمة/الإدارة العامة للدفاع المدني بمحافظة جدة | I59: مركز الدفاع المدني بالاسواق الشعبية | J59: شعبة الصناعية | K59: تم الاصلاح | L59: أخرى | M59: كابينة المضخة + الاداراج الجانبية | N59: 16-1-1448 | O59: 28-1-1448 | P59: شعبة الصناعية | Q59: مركز صناعية 1 ( الصناعية ) | S59: =IF( OR(K59="تم الاصلاح", O59<>""), "تم الاصلاح", IF(N59="", "", TODAY()-N59) ) -> تم الاصلاح
A60: 1106700020003 | B60: وايت سكس مرسيدس بمضخه وقاذف | C60: ا ن ب 3896 | D60: 2013 | E60: رسمية - اصفر | F60: صهريج سكس | G60: WDAKHAAA6DL715791 | H60: الدفاع المدني/مديرية منطقة مكة المكرمة/الإدارة العامة للدفاع المدني بمحافظة جدة | I60: مركز الدفاع المدني بحى الحرازات الشمالي | J60: شعبة الجامعة | K60: تم الاصلاح | L60: أخرى | M60: تهريب ماء | N60: 26-10-1447 | O60: 13-1-1448 | P60: شعبة الجامعة | Q60: مركز شرق 1 ( الجامعة ) | S60: =IF( OR(K60="تم الاصلاح", O60<>""), "تم الاصلاح", IF(N60="", "", TODAY()-N60) ) -> تم الاصلاح
A61: 1106700010002 | B61: وايت عادي مرسيدس بمضخة | C61: ا د م 2805 | D61: 1992 | E61: رسمية - اصفر | F61: صهريج عادي | G61: WDB34600155750633 | H61: الدفاع المدني/مديرية منطقة مكة المكرمة/الإدارة العامة للدفاع المدني بمحافظة جدة | I61: مركز الدفاع المدني بالكورنيش الجنوبي | J61: شعبة الساحل الجنوبي | K61: تم الاصلاح | L61: ميكانيكي | M61: عطل في القير | N61: 7-9-1447 | O61: 4-12-1447 | P61: شعبة الساحل الجنوبي | Q61: مركز جنوب 4 ( الخمرة ) | S61: =IF( OR(K61="تم الاصلاح", O61<>""), "تم الاصلاح", IF(N61="", "", TODAY()-N61) ) -> تم الاصلاح
A62: 1106700010003 | B62: وايت عادي مرسيدس بمضخة وقاذف | C62: ا د م 2832 | D62: 1992 | E62: رسمية - اصفر | F62: صهريج عادي | G62: WDB34600155905228 | H62: ادارة العمليات/الإدارة العامة للدفاع المدني بمحافظة جدة | I62: قسم الدعم والإسناد الأول | J62: شعبة البغدادية | K62: تم الاصلاح | M62: تهريب المضخة والمحابس | N62: 13-8-1447 | O62: 4-11-1447 | P62: شعبة البغدادية | Q62: مركز بلد 2 ( البغدادية ) | S62: =IF( OR(K62="تم الاصلاح", O62<>""), "تم الاصلاح", IF(N62="", "", TODAY()-N62) ) -> تم الاصلاح
A63: 1106700020003 | B63: وايت سكس مرسيدس بمضخه وقاذف | C63: ا ن ط 2503 | D63: 2013 | E63: رسمية - اصفر | F63: صهريج سكس | G63: WDAKHAAA0DL716855 | H63: الدفاع المدني/مديرية منطقة مكة المكرمة/الإدارة العامة للدفاع المدني بمحافظة جدة | I63: مركز الدفاع المدني بالصناعية الثانية | J63: شعبة الساحل الجنوبي | K63: عطلانة | L63: ميكانيكي | M63: الفرامل | N63: 1-12-1447 | O63: 4-6-1447 | P63: شعبة الساحل الجنوبي | Q63: مركز جنوب 2 ( الصناعية الثانية ) | S63: =IF( OR(K63="تم الاصلاح", O63<>""), "تم الاصلاح", IF(N63="", "", TODAY()-N63) ) -> تم الاصلاح
A64: 1102700010004 | B64: سيارات انقاذ كبيرة فورد | C64: ص ل ع 255 | D64: 2006 | E64: رسمية - اصفر | F64: فان | G64: 1FDWW37Y16EC99611 | H64: الدفاع المدني/مديرية منطقة مكة المكرمة/الإدارة العامة للدفاع المدني بمحافظة جدة | I64: مركز الدفاع المدني بقصر الجزيرة بثول | J64: ش الانامل | K64: عطلانة | L64: ميكانيكي | M64: عطل بالجيربوكس | N64: 26-2-1445 | P64: مركز ثول الخارجي | Q64: مركز مجد 2 ( الجزيرة ) | R64: بديل من ثول | S64: =IF( OR(K64="تم الاصلاح", O64<>""), "تم الاصلاح", IF(N64="", "", TODAY()-N64) ) -> #VALUE!
A65: 1204700020003 | B65: سيارة جيب 4 باب نيسان رسمي | C65: ا ن ل 6579 | D65: 2009 | E65: رسمية - اصفر | F65: جيب | G65: JN6BY11Y19X518230 | H65: الدفاع المدني/مديرية منطقة مكة المكرمة/الإدارة العامة للدفاع المدني بمحافظة جدة | I65: مركز الدفاع المدني بالسامر | J65: شعبة السالمية | K65: تم الاصلاح | O65: 1-9-1447 | P65: شعبة السالمية | Q65: مركز سالمية 4 ( السامر ) | S65: =IF( OR(K65="تم الاصلاح", O65<>""), "تم الاصلاح", IF(N65="", "", TODAY()-N65) ) -> تم الاصلاح
A66: 1106700020010 | B66: وايت سكس اكتروس بمضخه وقاذف | C66: ص ه م 268 | D66: 2007 | E66: رسمية - اصفر | F66: صهريج عادي | G66: WDB9301635L162534 | H66: الإدارة العامة للدفاع المدني بمحافظة جدة/مديرية منطقة مكة المكرمة | I66: مركز الدفاع المدني بالبحارة بثول | J66: مركز ثول | K66: عطلانة | L66: ميكانيكي | M66: صحن الكلتش + المضخه عطلانة | N66: 6-12-1447 | O66: 28-11-1447 | P66: مركز ثول الخارجي | S66: =IF( OR(K66="تم الاصلاح", O66<>""), "تم الاصلاح", IF(N66="", "", TODAY()-N66) ) -> تم الاصلاح
A67: 1204700020003 | B67: سيارة جيب 4 باب نيسان رسمي | C67: ا ع ا 9362 | D67: 1998 | E67: رسمية - اخضر | F67: جيب | G67: JN17AS761Z0400608 | H67: ادارة العمليات/الإدارة العامة للدفاع المدني بمحافظة جدة | I67: شعبة الدفاع المدني الميدانية بالجامعة | J67: شعبة الجامعة | K67: صدر قرار الرجيع | L67: أخرى | M67: يطفئ فجأة | N67: 26-11-1446 | P67: شعبة الجامعة | Q67: مركز شرق 1 ( الجامعة ) | S67: =IF( OR(K67="تم الاصلاح", O67<>""), "تم الاصلاح", IF(N67="", "", TODAY()-N67) ) -> #VALUE!
A68: 1204700020009 | B68: سيارة جيب 4 باب ديهاتسو رسمي | C68: ح ن ب 9077 | D68: 2016 | E68: رسمية - اصفر | F68: يتريوس | G68: JD2GJ5229G3013213 | H68: المديرية العامة للدفاع المدني للمواسم/الدفاع المدني/مديرية منطقة مكة المكرمة | I68: مركز السلامة الميدانية بالخزام | J68: الصيانة المركزية | K68: عطلانة | L68: أخرى | M68: لمبة الزيت | N68: 26-10-1446 | P68: شعبة خزام | Q68: مركز خزام 1 ( خزام ) | S68: =IF( OR(K68="تم الاصلاح", O68<>""), "تم الاصلاح", IF(N68="", "", TODAY()-N68) ) -> #VALUE!
A69: 1204700010003 | B69: سيارة جيب 2 باب نيسان رسمي | C69: ا ل ح 9008 | D69: 2009 | E69: رسمية - اصفر | F69: جيب | G69: JN8BY14Y79X539540 | H69: ادارة العمليات/الإدارة العامة للدفاع المدني بمحافظة جدة | I69: شعبة الدفاع المدني الميدانية بالصناعية | J69: شعبة الصناعية | K69: تم الاصلاح | O69: 19-7-1447 | P69: شعبة الصناعية | Q69: مركز صناعية 1 ( الصناعية ) | S69: =IF( OR(K69="تم الاصلاح", O69<>""), "تم الاصلاح", IF(N69="", "", TODAY()-N69) ) -> تم الاصلاح
A70: 1106700020003 | B70: وايت سكس مرسيدس بمضخه وقاذف | C70: ب ا د 8343 | D70: 2015 | E70: رسمية - اصفر | F70: صهريج سكس | G70: WDAKHAAA2FL921404 | H70: الدفاع المدني/مديرية منطقة مكة المكرمة/الإدارة العامة للدفاع المدني بمحافظة جدة | I70: مركز الدفاع المدني بطريق الساحل | J70: شعبة الساحل الجنوبي | K70: عطلانة | L70: حادث مروري | M70: حادث مروري | N70: 25-11-1442 | P70: شعبة الساحل الجنوبي | Q70: مركز جنوب 1 ( الكورنيش ) | R70: يوجد بديل من الاسناد | S70: =IF( OR(K70="تم الاصلاح", O70<>""), "تم الاصلاح", IF(N70="", "", TODAY()-N70) ) -> #VALUE!
A71: 1104700020004 | B71: سيارة اسعاف فان فورد | C71: ا د ن 5244 | D71: 2008 | E71: رسمية - اصفر | F71: فان | G71: 1FDSS34P98DB11903 | H71: ادارة العمليات/الإدارة العامة للدفاع المدني بمحافظة جدة | I71: شعبة الدفاع المدني الميدانية بالخزام | J71: مركز الدعم والاسناد الأول والثاني والثالث | K71: صدر قرار الرجيع | L71: ميكانيكي | M71: اعطال ميكانيكية وكهرباء | N71: 25-10-1445 | P71: شعبة خزام | Q71: مركز خزام 1 ( خزام ) | R71: الجهة الاسناد | S71: =IF( OR(K71="تم الاصلاح", O71<>""), "تم الاصلاح", IF(N71="", "", TODAY()-N71) ) -> #VALUE!
A72: 1102700020004 | B72: سيارات انقاذ صغيرة فورد | C72: ب ا ق 5918 | D72: 2015 | E72: رسمية - اصفر | F72: اب اف 350 | G72: 1FD8W3H65FEB41200 | H72: الدفاع المدني/مديرية منطقة مكة المكرمة/الإدارة العامة للدفاع المدني بمحافظة جدة | I72: مركز الدفاع المدني بالأسكان الجنوبي | J72: شعبة الإسكان الجنوبي | K72: تم الاصلاح | L72: أخرى | M72: تهريب ماء | N72: 23-1-1448 | O72: 24-1-1448 | P72: شعبة الاسكان | Q72: مركز اسكان 1 ( الاسكان الجنوبي ) | S72: =IF( OR(K72="تم الاصلاح", O72<>""), "تم الاصلاح", IF(N72="", "", TODAY()-N72) ) -> تم الاصلاح
A73: 1107700010001 | B73: رافعة 50 طن | C73: ا ق ى 7557 | D73: 2006 | E73: رسمية - اصفر | F73: كرين | G73: JTX4255A660DC0024 | H73: ادارة العمليات/الإدارة العامة للدفاع المدني بمحافظة جدة | I73: قسم الدعم والإسناد الأول | J73: مركز الدعم والاسناد الأول والثاني والثالث | K73: عطلانة | L73: أخرى | M73: تحتاج طقم كلتش + فحمات | N73: 2-11-1447 | P73: قسم الاسناد الاول والثاني والثالث | S73: =IF( OR(K73="تم الاصلاح", O73<>""), "تم الاصلاح", IF(N73="", "", TODAY()-N73) ) -> #VALUE!
A74: 1104700020004 | B74: سيارة اسعاف فان فورد | C74: ا د ن 5361 | D74: 2008 | E74: رسمية - اصفر | F74: فان | G74: 1FDSS34p38DB11900 | H74: ادارة العمليات/الإدارة العامة للدفاع المدني بمحافظة جدة | I74: قسم الدعم والإسناد الثالث | J74: مركز الدعم والاسناد الأول والثاني والثالث | K74: عطلانة | L74: كهربائي | M74: اسلاك الظفيرة +تغيير الكفرات | N74: 24-2-1445 | P74: قسم الاسناد الاول والثاني والثالث | S74: =IF( OR(K74="تم الاصلاح", O74<>""), "تم الاصلاح", IF(N74="", "", TODAY()-N74) ) -> #VALUE!
A75: 1101700010006 | B75: سيارة اطفاء وانقاذ مزدوجة كومندر | C75: ا و م 2884 | D75: 2014 | E75: رسمية - اصفر | F75: سيارة اطفاء | G75: 54F2AA504EWE10623 | H75: الدفاع المدني/مديرية منطقة مكة المكرمة/الإدارة العامة للدفاع المدني بمحافظة جدة | I75: مركز الدفاع المدني بأبحر الجنوبية | J75: شعبة أبحر | K75: عطلانة | L75: حادث مروري | M75: حادث مروري | N75: 28-2-1445 | P75: شعبة ابحر | Q75: مركز ابحر 1 ( ابحر الجنوبية ) | S75: =IF( OR(K75="تم الاصلاح", O75<>""), "تم الاصلاح", IF(N75="", "", TODAY()-N75) ) -> #VALUE!
A76: 1104700020004 | B76: سيارة اسعاف فان فورد | C76: ا د ن 8075 | D76: 2008 | E76: رسمية - اصفر | F76: فان | G76: 1FDSS34P38DB11914 | H76: ادارة العمليات/الإدارة العامة للدفاع المدني بمحافظة جدة | I76: قسم الدعم والإسناد الثالث | J76: مركز الدعم والاسناد الأول والثاني والثالث | K76: عطلانة | L76: بطاريات | M76: سحب كهرباء وبطارية | N76: 23-4-1447 | P76: قسم الاسناد الاول والثاني والثالث | S76: =IF( OR(K76="تم الاصلاح", O76<>""), "تم الاصلاح", IF(N76="", "", TODAY()-N76) ) -> #VALUE!
A77: 1101700010006 | B77: سيارة اطفاء وانقاذ مزدوجة كومندر | C77: ا ى ن 6503 | D77: 2014 | E77: رسمية - اصفر | F77: سيارة اطفاء | G77: 54F2AA501EWE10692 | H77: ادارة العمليات/الإدارة العامة للدفاع المدني بمحافظة جدة | I77: قسم الدعم والإسناد الثالث | J77: مركز الدعم والاسناد الأول والثاني والثالث | K77: تم الاصلاح | L77: أخرى | M77: اعطال متنوعه | N77: 23-4-1447 | O77: 28-1-1448 | P77: قسم الاسناد الاول والثاني والثالث | S77: =IF( OR(K77="تم الاصلاح", O77<>""), "تم الاصلاح", IF(N77="", "", TODAY()-N77) ) -> تم الاصلاح
A78: 1106700020010 | B78: وايت سكس اكتروس بمضخه وقاذف | C78: ا ر ا 7722 | D78: 2009 | E78: رسمية - اصفر | F78: سيارة اطفاء | G78: WDAKHCAB89L381016 | H78: ادارة العمليات/الإدارة العامة للدفاع المدني بمحافظة جدة | I78: قسم الدعم والإسناد الثالث | J78: شعبة أبحر | K78: عطلانة | L78: ميكانيكي | M78: الكلتش | N78: 4-11-1447 | O78: 14-10-1447 | P78: قسم الاسناد الاول والثاني والثالث | S78: =IF( OR(K78="تم الاصلاح", O78<>""), "تم الاصلاح", IF(N78="", "", TODAY()-N78) ) -> تم الاصلاح
A79: 1204700010003 | B79: سيارة جيب 2 باب نيسان رسمي | C79: أ ل ح 9797 | D79: 2009 | E79: رسمية - اصفر | F79: جيب | G79: JN8BY14Y09X539685 | H79: ادارة العمليات/الإدارة العامة للدفاع المدني بمحافظة جدة | I79: شعبة الدفاع المدني الميدانية بالجامعة | J79: شعبة الجامعة | K79: عطلانة | L79: أخرى | M79: ارتفاع درجة الحرارة | N79: 16-12-1447 | O79: 24-6-1447 | P79: شعبة الجامعة | Q79: مركز شرق 1 ( الجامعة ) | S79: =IF( OR(K79="تم الاصلاح", O79<>""), "تم الاصلاح", IF(N79="", "", TODAY()-N79) ) -> تم الاصلاح
A80: 1101700010006 | B80: سيارة اطفاء وانقاذ مزدوجة كومندر | C80: ا و م 7634 | D80: 2014 | E80: رسمية - اصفر | F80: سيارة اطفاء | G80: 54F2AA506EWE10638 | H80: الدفاع المدني/مديرية منطقة مكة المكرمة/الإدارة العامة للدفاع المدني بمحافظة جدة | I80: مركز الدفاع المدني بالاسواق الشعبية | J80: شعبة الصناعية | K80: عطلانة | L80: ميكانيكي | M80: ارتفاع حرارة المحرك | N80: 16-12-1446 | P80: شعبة الصناعية | Q80: مركز صناعية 2 ( المرحلة الاولى ) | S80: =IF( OR(K80="تم الاصلاح", O80<>""), "تم الاصلاح", IF(N80="", "", TODAY()-N80) ) -> #VALUE!
A81: 1102700020004 | B81: سيارات انقاذ صغيرة فورد | C81: ب ا د 8450 | D81: 2015 | E81: رسمية - اصفر | F81: اب اف 350 | G81: 1FD8W3H68FEB41109 | H81: الدفاع المدني/مديرية منطقة مكة المكرمة/الإدارة العامة للدفاع المدني بمحافظة جدة | I81: مركز الدفاع المدني بالجامعة | J81: شعبة الجامعة | K81: عطلانة | L81: ميكانيكي | M81: عطل في الجربوكس | N81: 22-6-1446 | P81: شعبة الجامعة | Q81: مركز شرق 4 ( المنتزهات ) | R81: شرق4 | S81: =IF( OR(K81="تم الاصلاح", O81<>""), "تم الاصلاح", IF(N81="", "", TODAY()-N81) ) -> #VALUE!
A82: 1106700020003 | B82: وايت سكس مرسيدس بمضخه وقاذف | C82: ا ن ع 7207 | D82: 2013 | E82: رسمية - اصفر | F82: صهريج سكس | G82: WDAKHAAA3DL739059 | H82: الدفاع المدني/مديرية منطقة مكة المكرمة/الإدارة العامة للدفاع المدني بمحافظة جدة | I82: مركز الدفاع المدني بحي الرياض | J82: شعبة الحمدانية | K82: تم الاصلاح | L82: ميكانيكي | M82: تهريب هواء والبواكم | N82: 26-10-1447 | O82: 13-1-1448 | P82: شعبة الحمدانية | Q82: مركز شمال 4 ( الرياض ) | S82: =IF( OR(K82="تم الاصلاح", O82<>""), "تم الاصلاح", IF(N82="", "", TODAY()-N82) ) -> تم الاصلاح
A83: 1106700020010 | B83: وايت سكس اكتروس بمضخه وقاذف | C83: ا ر ح 8875 | D83: 2009 | E83: رسمية - اصفر | F83: سيارة اطفاء | G83: WDAKHCAB69L381113 | H83: الدفاع المدني/مديرية منطقة مكة المكرمة/الإدارة العامة للدفاع المدني بمحافظة جدة | I83: مركز الدفاع المدني ببترومين | J83: شعبة خزام | K83: تم الاصلاح | L83: ميكانيكي | M83: عطل بالقير | N83: 23-11-1447 | O83: 14-1-1448 | P83: شعبة خزام | Q83: مركز خزام 1 ( خزام ) | S83: =IF( OR(K83="تم الاصلاح", O83<>""), "تم الاصلاح", IF(N83="", "", TODAY()-N83) ) -> تم الاصلاح
A84: 1106700020003 | B84: وايت سكس مرسيدس بمضخه وقاذف | C84: ا ه م 1425 | D84: 2014 | E84: رسمية - اصفر | F84: صهريج سكس | G84: WDAKHAAA2EL799237 | H84: الدفاع المدني/مديرية منطقة مكة المكرمة/الإدارة العامة للدفاع المدني بمحافظة جدة | I84: مركز الدفاع المدني بالخزام | J84: شعبة خزام | K84: عطلانة | L84: أخرى | M84: الادراج الخلفية | N84: 13-11-1447 | O84: 12-11-1447 | P84: شعبة خزام | Q84: مركز خزام 1 ( خزام ) | S84: =IF( OR(K84="تم الاصلاح", O84<>""), "تم الاصلاح", IF(N84="", "", TODAY()-N84) ) -> تم الاصلاح
A85: 1207700050001 | B85: سيارة قلاب عادي مرسيدس | C85: ا ر ل 1571 | D85: 1983 | E85: رسمية - اصفر | F85: شاحنة | G85: VIN025814 | H85: ادارة العمليات/الإدارة العامة للدفاع المدني بمحافظة جدة | I85: قسم الدعم والإسناد الثاني | J85: مركز الدعم والاسناد الأول والثاني والثالث | K85: عطلانة | L85: أخرى | M85: اعطال متعددة | N85: 2-2-1447 | P85: قسم الاسناد الاول والثاني والثالث | S85: =IF( OR(K85="تم الاصلاح", O85<>""), "تم الاصلاح", IF(N85="", "", TODAY()-N85) ) -> #VALUE!
A86: 1204700010003 | B86: سيارة جيب 2 باب نيسان رسمي | C86: ق ص ن 865 | D86: 2002 | E86: رسمية - اخضر | F86: باترول 4 باب | G86: JN8BY14Y52X445601 | H86: الدفاع المدني/مديرية منطقة مكة المكرمة/الإدارة العامة للدفاع المدني بمحافظة جدة | I86: مركز الدفاع المدني بالربوة | J86: شعبة المروة | K86: عطلانة | L86: حادث مروري | M86: حادث مروري | N86: 2-2-1447 | P86: شعبة المروة | Q86: مركز صفا 1 ( المروة ) | S86: =IF( OR(K86="تم الاصلاح", O86<>""), "تم الاصلاح", IF(N86="", "", TODAY()-N86) ) -> #VALUE!
A87: 1207700050001 | B87: سيارة قلاب عادي مرسيدس | C87: ا ر ل 1574 | D87: 1983 | E87: رسمية - اصفر | F87: شاحنة | G87: VIN925943 | H87: ادارة العمليات/الإدارة العامة للدفاع المدني بمحافظة جدة | I87: قسم الدعم والإسناد الثالث | J87: مركز الدعم والاسناد الأول والثاني والثالث | K87: تم الاصلاح | L87: أخرى | M87: اعطال متعددة | N87: 2-2-1447 | O87: 13-1-1448 | P87: قسم الاسناد الاول والثاني والثالث | S87: =IF( OR(K87="تم الاصلاح", O87<>""), "تم الاصلاح", IF(N87="", "", TODAY()-N87) ) -> تم الاصلاح
A88: 1101700010006 | B88: سيارة اطفاء وانقاذ مزدوجة كومندر | C88: ا و ع 4404 | D88: 2014 | E88: رسمية - اصفر | F88: سيارة اطفاء | G88: 54F2AA501EWE10370 | H88: الدفاع المدني/مديرية منطقة مكة المكرمة/الإدارة العامة للدفاع المدني بمحافظة جدة | I88: مركز الدفاع المدني بالحمراء | J88: شعبة الحمدانية | K88: عطلانة | L88: ميكانيكي | M88: أصوات بالهوبات | N88: 17-12-1447 | O88: 24-10-1447 | P88: شعبة البغدادية | Q88: مركز بلد 3 ( باب مكة ) | S88: =IF( OR(K88="تم الاصلاح", O88<>""), "تم الاصلاح", IF(N88="", "", TODAY()-N88) ) -> تم الاصلاح
A89: 1106700010010 | B89: وايت عادي اكتروس بمضخه وقاذف | C89: س ح ط 156 | D89: 2003 | E89: رسمية - اصفر | F89: صهريج عادي | G89: WDB9500131K814822 | H89: الدفاع المدني/مديرية منطقة مكة المكرمة/الإدارة العامة للدفاع المدني بمحافظة جدة | I89: مركز الدفاع المدني بحي الرياض | J89: شعبة الحمدانية | K89: عطلانة | L89: ميكانيكي | M89: عطل في الفرامل | N89: 22-10-1446 | P89: شعبة الحمدانية | Q89: مركز شمال 3 ( الرحيلي ) | S89: =IF( OR(K89="تم الاصلاح", O89<>""), "تم الاصلاح", IF(N89="", "", TODAY()-N89) ) -> #VALUE!
A90: 1105700150004 | B90: شاحنة مخصصة لأعمال التطهير | C90: ا ه و 7367 | D90: 2014 | E90: رسمية - اصفر | F90: شاحنة | G90: WDB9301635L779819 | H90: الدفاع المدني/مديرية منطقة مكة المكرمة/الإدارة العامة للدفاع المدني بمحافظة جدة | I90: مركز التدخل في المواد الخطرة ببريمان | J90: شعبة المروة | K90: تم الاصلاح | L90: أخرى | M90: تهريب خزان الماء | N90: 21-9-1445 | O90: 27-11-1447 | P90: شعبة المروة | Q90: مركز صفا 1 ( المروة ) | R90: الحماية - تدخل الصفا | S90: =IF( OR(K90="تم الاصلاح", O90<>""), "تم الاصلاح", IF(N90="", "", TODAY()-N90) ) -> تم الاصلاح
A91: 1106700020003 | B91: وايت سكس مرسيدس بمضخه وقاذف | C91: ا م ط 4146 | D91: 2012 | E91: رسمية - اصفر | F91: صهريج سكس | G91: WDAKHAAA0CL632520 | H91: الدفاع المدني/مديرية منطقة مكة المكرمة/الإدارة العامة للدفاع المدني بمحافظة جدة | I91: مركز الدفاع المدني بمخطط الرحيلي | J91: شعبة الحمدانية | K91: عطلانة | L91: ميكانيكي | M91: عطل بالدينمو | N91: 21-5-1446 | P91: شعبة الحمدانية | Q91: مركز شمال 3 ( الرحيلي ) | S91: =IF( OR(K91="تم الاصلاح", O91<>""), "تم الاصلاح", IF(N91="", "", TODAY()-N91) ) -> #VALUE!
A92: 1204700010003 | B92: سيارة جيب 2 باب نيسان رسمي | C92: ا ع ا 9361 | D92: 2000 | E92: رسمية - اخضر | F92: جيب | G92: JN8BY14Y1YX430859 | H92: ادارة العمليات/الإدارة العامة للدفاع المدني بمحافظة جدة | I92: قسم الدعم والإسناد الثاني | J92: مركز الدعم والاسناد الأول والثاني والثالث | K92: عطلانة | L92: ميكانيكي | M92: اعطال بالمكينة | N92: 21-4-1445 | P92: قسم الاسناد الاول والثاني والثالث | S92: =IF( OR(K92="تم الاصلاح", O92<>""), "تم الاصلاح", IF(N92="", "", TODAY()-N92) ) -> #VALUE!
A93: 1106700010003 | B93: وايت عادي مرسيدس بمضخة وقاذف | C93: ا د م 2206 | D93: 1989 | E93: رسمية - اصفر | F93: صهريج عادي | G93: 34600155417060 | H93: ادارة العمليات/الإدارة العامة للدفاع المدني بمحافظة جدة | I93: قسم الدعم والإسناد الثاني | J93: مركز الدعم والاسناد الأول والثاني والثالث | K93: عطلانة | L93: أخرى | M93: تهريب هواء من الباكم (الفرامل) | N93: 4-12-1447 | O93: 6-9-1447 | P93: شعبة المروة | Q93: مركز صفا 5 ( الفيصلية ) | S93: =IF( OR(K93="تم الاصلاح", O93<>""), "تم الاصلاح", IF(N93="", "", TODAY()-N93) ) -> تم الاصلاح
A94: 1204700010003 | B94: سيارة جيب 2 باب نيسان رسمي | C94: ك ب ص 194 | D94: 2002 | E94: رسمية - اخضر | F94: جيب | G94: JN8BY14Y12X446440 | H94: ادارة العمليات/الإدارة العامة للدفاع المدني بمحافظة جدة | I94: شعبة الدفاع المدني الميدانية بالحمدانية | J94: شعبة الحمدانية | K94: تم الاصلاح | L94: كفرات | M94: كفرات | N94: 16-11-1447 | O94: 25-12-1447 | P94: شعبة الحمدانية | Q94: مركز شمال 1 ( الحمدانية ) | S94: =IF( OR(K94="تم الاصلاح", O94<>""), "تم الاصلاح", IF(N94="", "", TODAY()-N94) ) -> تم الاصلاح
A95: 1106700020003 | B95: وايت سكس مرسيدس بمضخه وقاذف | C95: ا ك ى 1595 | D95: 2011 | E95: رسمية - اصفر | F95: صهريج سكس | G95: WDAKHAAA2BL566714 | H95: الدفاع المدني/مديرية منطقة مكة المكرمة/الإدارة العامة للدفاع المدني بمحافظة جدة | I95: مركز الدفاع المدني بالمرحلة الاولى | J95: شعبة الصناعية | K95: عطلانة | L95: أخرى | M95: عطل في الادراج | N95: 19-4-1446 | P95: شعبة الصناعية | Q95: مركز صناعية 2 ( المرحلة الاولى ) | S95: =IF( OR(K95="تم الاصلاح", O95<>""), "تم الاصلاح", IF(N95="", "", TODAY()-N95) ) -> #VALUE!
A96: 1102700010004 | B96: سيارات انقاذ كبيرة فورد | C96: ا ن ط 2412 | D96: 2012 | E96: رسمية - اصفر | F96: اب اف 350 | G96: 1FD8W3H63CEB64499 | H96: الدفاع المدني/مديرية منطقة مكة المكرمة/الإدارة العامة للدفاع المدني بمحافظة جدة | I96: مركز الدفاع المدني بالربوة | J96: شعبة المروة | K96: عطلانة | L96: أخرى | M96: انقطاع السير وتهريب الماء | N96: 6-10-1447 | P96: شعبة المروة | Q96: مركز صفا 3 ( الربوة ) | S96: =IF( OR(K96="تم الاصلاح", O96<>""), "تم الاصلاح", IF(N96="", "", TODAY()-N96) ) -> #VALUE!
A97: 1106700020003 | B97: وايت سكس مرسيدس بمضخه وقاذف | C97: ا ه س 8371 | D97: 2013 | E97: رسمية - اصفر | F97: صهريج سكس | G97: WDAKHAAAXDL768039 | H97: الدفاع المدني/مديرية منطقة مكة المكرمة/الإدارة العامة للدفاع المدني بمحافظة جدة | I97: مركز الدفاع المدني بحي النهضة | J97: شعبة الشاطئ | K97: تم الاصلاح | O97: 16-8-1447 | P97: شعبة الشاطئ | Q97: مركز غرب 4 ( النهضة ) | S97: =IF( OR(K97="تم الاصلاح", O97<>""), "تم الاصلاح", IF(N97="", "", TODAY()-N97) ) -> تم الاصلاح
A98: 1204700020003 | B98: سيارة جيب 4 باب نيسان رسمي | C98: ا ن ل 6589 | D98: 2009 | E98: رسمية - اصفر | F98: جيب | G98: JN6BY11Y69X518272 | H98: ادارة العمليات/الإدارة العامة للدفاع المدني بمحافظة جدة | I98: قسم الدعم والإسناد الثالث | J98: مركز الدعم والاسناد الأول والثاني والثالث | K98: عطلانة | L98: ميكانيكي | M98: تهريب زيت من علبة الدركسون | N98: 19-3-1447 | P98: قسم الاسناد الاول والثاني والثالث | S98: =IF( OR(K98="تم الاصلاح", O98<>""), "تم الاصلاح", IF(N98="", "", TODAY()-N98) ) -> #VALUE!
A99: 1105700080001 | B99: سيارة انارة | C99: ا ص م 3133 | D99: 2010 | E99: رسمية - اصفر | F99: بكب غمارة | G99: 1gd3k2bk6af119036 | H99: ادارة العمليات/الإدارة العامة للدفاع المدني بمحافظة جدة | I99: قسم الدعم والإسناد الثاني | J99: مركز الدعم والاسناد الأول والثاني والثالث | K99: عطلانة | L99: حادث مروري | M99: حادث مروري | N99: 1-9-1445 | P99: قسم الاسناد الاول والثاني والثالث | S99: =IF( OR(K99="تم الاصلاح", O99<>""), "تم الاصلاح", IF(N99="", "", TODAY()-N99) ) -> #VALUE!
A100: 1204700010003 | B100: سيارة جيب 2 باب نيسان رسمي | C100: ى ا ل 472 | D100: 2008 | E100: رسمية - اصفر | F100: جيب | G100: JN8BY14Y18X536423 | H100: ادارة العمليات/الإدارة العامة للدفاع المدني بمحافظة جدة | I100: قسم الدعم والإسناد الأول | J100: مركز الدعم والاسناد الأول والثاني والثالث | K100: تم الاصلاح | O100: 23-8-1447 | P100: قسم الاسناد الاول والثاني والثالث | S100: =IF( OR(K100="تم الاصلاح", O100<>""), "تم الاصلاح", IF(N100="", "", TODAY()-N100) ) -> تم الاصلاح
A101: 1107700010002 | B101: رافعة 160 طن | C101: ا ق ى 7558 | D101: 2007 | E101: رسمية - اصفر | F101: كرين | G101: WFN5RUDR172029185 | H101: ادارة العمليات/الإدارة العامة للدفاع المدني بمحافظة جدة | I101: قسم الدعم والإسناد الثاني | J101: مركز الدعم والاسناد الأول والثاني والثالث | K101: عطلانة | L101: ميكانيكي | M101: تهريب في زيت الذراع الايسر | N101: 19-11-1441 | P101: قسم الاسناد الاول والثاني والثالث | S101: =IF( OR(K101="تم الاصلاح", O101<>""), "تم الاصلاح", IF(N101="", "", TODAY()-N101) ) -> #VALUE!
A102: 1106700020010 | B102: وايت سكس اكتروس بمضخه وقاذف | C102: ا ر ا 7095 | D102: 2009 | E102: رسمية - اصفر | F102: سيارة اطفاء | G102: WDAKHCAB49L381014 | H102: ادارة العمليات/الإدارة العامة للدفاع المدني بمحافظة جدة | I102: قسم الدعم والإسناد الثالث | J102: شعبة العزيزية | K102: عطلانة | L102: ميكانيكي | M102: عطل بالقيربوكس | N102: 3-8-1447 | P102: شعبة العزيزية | Q102: مركز وسط 1 ( الرحاب ) | S102: =IF( OR(K102="تم الاصلاح", O102<>""), "تم الاصلاح", IF(N102="", "", TODAY()-N102) ) -> #VALUE!
A103: 1102700020004 | B103: سيارات انقاذ صغيرة فورد | C103: ب ا ق 1510 | D103: 2015 | E103: رسمية - اصفر | F103: اب اف 350 | G103: 1FD8W3H69FEB41068 | H103: ادارة العمليات/الإدارة العامة للدفاع المدني بمحافظة جدة | I103: شعبة الدفاع المدني الميدانية بالعزيزية | J103: الصيانة المركزية | K103: عطلانة | L103: ميكانيكي | M103: عطل في الجيربوكس | N103: 18-2-1446 | P103: شعبة المروة | Q103: مركز صفا 2 ( النزهة ) | R103: شعبة العزيزية | S103: =IF( OR(K103="تم الاصلاح", O103<>""), "تم الاصلاح", IF(N103="", "", TODAY()-N103) ) -> #VALUE!
A104: 1204700020003 | B104: سيارة جيب 4 باب نيسان رسمي | C104: ى ط ل 622 | D104: 2008 | E104: رسمية - اصفر | F104: باترول 4 باب | G104: jn6by38x516672 | H104: ادارة العمليات/الإدارة العامة للدفاع المدني بمحافظة جدة | I104: قسم الدعم والإسناد الثاني | J104: مركز الدعم والاسناد الأول والثاني والثالث | K104: تم الاصلاح | O104: 25-10-1447 | P104: قسم الاسناد الاول والثاني والثالث | S104: =IF( OR(K104="تم الاصلاح", O104<>""), "تم الاصلاح", IF(N104="", "", TODAY()-N104) ) -> تم الاصلاح
A105: 1204700020003 | B105: سيارة جيب 4 باب نيسان رسمي | C105: ا ن ل 6448 | D105: 2009 | E105: رسمية - اصفر | F105: جيب | G105: JN6BY11Y99X518136 | H105: ادارة العمليات/الإدارة العامة للدفاع المدني بمحافظة جدة | I105: شعبة الدفاع المدني الميدانية بالعزيزية | J105: شعبة العزيزية | K105: تم الاصلاح | O105: 22-8-1447 | P105: شعبة العزيزية | Q105: مركز وسط 1 ( الرحاب ) | S105: =IF( OR(K105="تم الاصلاح", O105<>""), "تم الاصلاح", IF(N105="", "", TODAY()-N105) ) -> تم الاصلاح
A106: 1105700140001 | B106: سيارة تعبئة اجهزة التنفس مرسيدس | C106: ا م ط 4142 | D106: 2012 | E106: رسمية - اصفر | F106: شاحنة | G106: 1fvacycs8chbu9888 | H106: ادارة العمليات/الإدارة العامة للدفاع المدني بمحافظة جدة | I106: قسم الدعم والإسناد الأول | J106: مركز الدعم والاسناد الأول والثاني والثالث | K106: عطلانة | L106: أخرى | M106: صيانة شاملة | N106: 17-2-1447 | P106: قسم الاسناد الاول والثاني والثالث | S106: =IF( OR(K106="تم الاصلاح", O106<>""), "تم الاصلاح", IF(N106="", "", TODAY()-N106) ) -> #VALUE!
A107: 1106700020003 | B107: وايت سكس مرسيدس بمضخه وقاذف | C107: ا ن ط 2497 | D107: 2013 | E107: رسمية - اصفر | F107: صهريج سكس | G107: WDAKHAAA7DL716853 | H107: الدفاع المدني/مديرية منطقة مكة المكرمة/الإدارة العامة للدفاع المدني بمحافظة جدة | I107: مركز الدفاع المدني بالكورنيش الجنوبي | J107: شعبة الساحل الجنوبي | K107: عطلانة | L107: حادث مروري | M107: حادث مروري | N107: 1-7-1439 | P107: شعبة الساحل الجنوبي | Q107: مركز جنوب 1 ( الكورنيش ) | S107: =IF( OR(K107="تم الاصلاح", O107<>""), "تم الاصلاح", IF(N107="", "", TODAY()-N107) ) -> #VALUE!
A108: 1106700020003 | B108: وايت سكس مرسيدس بمضخه وقاذف | C108: ا ك ى 8250 | D108: 2011 | E108: رسمية - اصفر | F108: صهريج سكس | G108: WDAKHAAA9BL560179 | H108: ادارة العمليات/الإدارة العامة للدفاع المدني بمحافظة جدة | I108: قسم الدعم والإسناد الأول | J108: مركز الدعم والاسناد الأول والثاني والثالث | K108: عطلانة | L108: ميكانيكي | M108: ذراع الشيال | N108: 16-6-1446 | P108: قسم الاسناد الاول والثاني والثالث | S108: =IF( OR(K108="تم الاصلاح", O108<>""), "تم الاصلاح", IF(N108="", "", TODAY()-N108) ) -> #VALUE!
...

Sheet قاعدة البيانات
B1: رقم الصنف | C1: نوع السيارة تفصيلي | D1: رقم اللوحة كامل | E1: الاجراء حسب الصيانة المركزية | F1: الموديل | G1: اللون | H1: نوع السيارة عام | I1: رقم الشاصية | J1: الجهة عام | K1: الجهة تفصيلي (تنطيق الاوراكل) | L1: الموقع الالية الحالي | M1: الحالة الفنية | N1: نوع العطل | O1: وصف العطل | P1: تاريخ العطل | Q1: تاريخ الإصلاح | R1: ملاحظات | S1: جهة العطل | T1: صالحة | U1: شعبة الحمدانية | V1: ميكانيكي | X1: شمال 1 | Y1: تعمل | Z1: التسليم وتحرك الالية
A2: 294 | B2: 1112700020001 | C2: تيدر نقل محروقات صناعه وطنيه | D2: ا ك ل 2362 | F2: 2011 | G2: رسمية - اصفر | H2: شاحنة | I2: JAMLP3457B7P02403 | J2: ادارة العمليات/الإدارة العامة للدفاع المدني بمحافظة جدة | K2: قسم الدعم والإسناد الأول | L2: مركز الدعم والاسناد الأول والثاني والثالث | M2: عطلانة | N2: ميكانيكي | O2: الدسك والصحن والحذاف | P2: 25-12-1447 | R2: قاطرة المحروقات الاسناد | S2: قسم الاسناد الاول والثاني والثالث
A3: 291 | B3: 1109700010001 | C3: جرافة تركتر كبير | D3: ا س ق 2410 | E3: جاري العمل على الإصلاح | F3: 1976 | G3: رسمية - اصفر | H3: تريكتر | I3: 48W14586 | J3: ادارة العمليات/الإدارة العامة للدفاع المدني بمحافظة جدة | K3: قسم الدعم والإسناد الأول | L3: مركز الدعم والاسناد الأول والثاني والثالث | M3: عطلانة | N3: ميكانيكي | O3: مسامير الجنزير | P3: 20-8-1447 | S3: قسم الاسناد الاول والثاني والثالث
A4: 292 | B4: 1110700010001 | C4: حفار ودقاق بوكلين | D4: ا ب ح 6452 | F4: 2006 | G4: رسمية - اصفر | H4: شيول | I4: 200L35354 | J4: ادارة العمليات/الإدارة العامة للدفاع المدني بمحافظة جدة | K4: قسم الدعم والإسناد الأول | L4: مركز الدعم والاسناد الأول والثاني والثالث | M4: تعمل
A5: 293 | B5: 1111700030001 | C5: حواس | D5: ا ق ى 7559 | F5: 2006 | G5: رسمية - اصفر | H5: شيول | I5: N6M430345 | J5: ادارة العمليات/الإدارة العامة للدفاع المدني بمحافظة جدة | K5: قسم الدعم والإسناد الأول | L5: مركز الدعم والاسناد الأول والثاني والثالث | M5: تعمل
A6: 480 | B6: 1306700020001 | C6: دراجة نارية (4*4) للبحث والانقاذ | D6: بدون | F6: بدون | G6: غير مخصصة | H6: لم يسجل | I6: JKAVFDG14FB508540 | J6: المديرية العامة للدفاع المدني للمواسم/الدفاع المدني/مديرية منطقة مكة المكرمة | K6: مركز السلامة الميدانية بالشاطئ | L6: شعبة الشاطئ | M6: عطلانة | N6: أخرى | O6: تحتاج الى صيانة | P6: 1-9-1447 | R6: تاريخ ادارج العطل وليس تاريخ العطل نفسه
A7: 481 | B7: 1306700020001 | C7: دراجة نارية (4*4) للبحث والانقاذ | D7: بدون | F7: بدون | G7: غير مخصصة | H7: لم يسجل | I7: JKAVFDG19FB508551 | J7: المديرية العامة للدفاع المدني للمواسم/الدفاع المدني/مديرية منطقة مكة المكرمة | K7: مركز السلامة الميدانية بالشاطئ | L7: شعبة الشاطئ | M7: عطلانة | N7: أخرى | O7: تحتاج الى صيانة | P7: 1-9-1447 | R7: تاريخ ادارج العطل وليس تاريخ العطل نفسه
A8: 518 | B8: 1306700010002 | C8: دراجة نارية ذات 4 كفرات مزودة بجهاز اطفاء بالرغوة كبير | D8: بدون | F8: 2013 | G8: رسمية - اصفر | H8: دراجة نارية | I8: WR9KLM1PN3MX | J8: المديرية العامة للدفاع المدني للمواسم/الدفاع المدني/مديرية منطقة مكة المكرمة | K8: مركز السلامة الميدانية بالبغدادية | L8: شعبة البغدادية | M8: عطلانة | N8: أخرى | O8: تحتاج الى صيانة | P8: 1-9-1447 | R8: تاريخ ادارج العطل وليس تاريخ العطل نفسه
A9: 461 | B9: 1306700010002 | C9: دراجة نارية ذات 4 كفرات مزودة بجهاز اطفاء بالرغوة كبير | D9: بدون | F9: 2013 | G9: رسمية - اصفر | H9: دراجة نارية | I9: WR9KLM1PN3MH | J9: المديرية العامة للدفاع المدني للمواسم/الدفاع المدني/مديرية منطقة مكة المكرمة | K9: مركز السلامة الميدانية بأبحر | L9: شعبة أبحر | M9: عطلانة | N9: أخرى | O9: تحتاج الى صيانة | P9: 1-9-1447 | R9: تاريخ ادارج العطل وليس تاريخ العطل نفسه
A10: 517 | B10: 1306700010001 | C10: دراجة نارية مزودة بجهاز اطفاء بالرغوة يدوي متنقل نوع BMW | D10: ه ح 565 | F10: 2012 | G10: رسمية - اصفر | H10: دراجة نارية | I10: WB104300XCZW46665 | J10: المديرية العامة للدفاع المدني للمواسم/الدفاع المدني/مديرية منطقة مكة المكرمة | K10: مركز السلامة الميدانية بالبغدادية | L10: شعبة البغدادية | M10: عطلانة | N10: أخرى | O10: تحتاج الى صيانة | P10: 1-9-1447 | R10: تاريخ ادارج العطل وليس تاريخ العطل نفسه
A11: 460 | B11: 1306700010001 | C11: دراجة نارية مزودة بجهاز اطفاء بالرغوة يدوي متنقل نوع BMW | D11: ه ح 564 | F11: 2012 | G11: رسمية - اصفر | H11: دراجة نارية | I11: WB104300CZW52145 | J11: المديرية العامة للدفاع المدني للمواسم/الدفاع المدني/مديرية منطقة مكة المكرمة | K11: مركز السلامة الميدانية بأبحر | L11: شعبة أبحر | M11: عطلانة | N11: أخرى | O11: تحتاج الى صيانة | P11: 1-9-1447 | R11: تاريخ ادارج العطل وليس تاريخ العطل نفسه
A12: 13 | B12: 1303700010001 | C12: دراجة نارية ياماها 250 | D12: ص ا 661 | F12: 2010 | G12: رسمية - اخضر | H12: دراجة نارية | I12: JYA4TN00000014030 | J12: ادارة العمليات/الإدارة العامة للدفاع المدني بمحافظة جدة | K12: قسم الدعم والإسناد الأول | L12: مركز الدعم والاسناد الأول والثاني والثالث | M12: تم الإصلاح | Q12: 3-8-1447 | S12: قسم الاسناد الاول والثاني والثالث | X12: غرب 4
A13: 507 | B13: 1303700010001 | C13: دراجة نارية ياماها 250 | D13: ص ا 159 | F13: 2010 | G13: رسمية - اخضر | H13: دراجة نارية | I13: JYA4TN00000014185 | J13: المديرية العامة للدفاع المدني للمواسم/الدفاع المدني/مديرية منطقة مكة المكرمة | K13: مركز السلامة الميدانية بالإسكان الجنوبي | L13: شعبة الإسكان الجنوبي | M13: عطلانة | N13: أخرى | O13: تحتاج الى صيانة | P13: 1-9-1447 | R13: تاريخ ادارج العطل وليس تاريخ العطل نفسه
A14: 508 | B14: 1303700010001 | C14: دراجة نارية ياماها 250 | D14: ح ح 919 | F14: 2011 | G14: رسمية - اخضر | H14: دراجة نارية | I14: JYA4TN0073A014493 | J14: المديرية العامة للدفاع المدني للمواسم/الدفاع المدني/مديرية منطقة مكة المكرمة | K14: مركز السلامة الميدانية بالإسكان الجنوبي | L14: شعبة الإسكان الجنوبي | M14: عطلانة | N14: أخرى | O14: تحتاج الى صيانة | P14: 1-9-1447 | R14: تاريخ ادارج العطل وليس تاريخ العطل نفسه
A15: 509 | B15: 1303700010001 | C15: دراجة نارية ياماها 250 | D15: ح ح 654 | F15: 2011 | G15: رسمية - اخضر | H15: دراجة نارية | I15: JYA4TN00X3A014567 | J15: المديرية العامة للدفاع المدني للمواسم/الدفاع المدني/مديرية منطقة مكة المكرمة | K15: مركز السلامة الميدانية بالإسكان الجنوبي | L15: شعبة الإسكان الجنوبي | M15: عطلانة | N15: أخرى | O15: تحتاج الى صيانة | P15: 1-9-1447 | R15: تاريخ ادارج العطل وليس تاريخ العطل نفسه
A16: 516 | B16: 1303700010001 | C16: دراجة نارية ياماها 250 | D16: ق ب 605 | F16: 2010 | G16: رسمية - اخضر | H16: دراجة نارية | I16: JYA4TN00000014064 | J16: المديرية العامة للدفاع المدني للمواسم/الدفاع المدني/مديرية منطقة مكة المكرمة | K16: مركز السلامة الميدانية بالبغدادية | L16: شعبة البغدادية | M16: عطلانة | N16: أخرى | O16: تحتاج الى صيانة | P16: 1-9-1447 | R16: تاريخ ادارج العطل وليس تاريخ العطل نفسه
A17: 498 | B17: 1303700010001 | C17: دراجة نارية ياماها 250 | D17: ق ب 615 | F17: 2010 | G17: رسمية - اخضر | H17: دراجة نارية | I17: JYA4TN00000014032 | J17: المديرية العامة للدفاع المدني للمواسم/الدفاع المدني/مديرية منطقة مكة المكرمة | K17: مركز السلامة الميدانية بالجامعة | L17: شعبة الجامعة | M17: عطلانة | N17: أخرى | O17: تحتاج الى صيانة | P17: 1-9-1447 | R17: تاريخ ادارج العطل وليس تاريخ العطل نفسه
A18: 499 | B18: 1303700010001 | C18: دراجة نارية ياماها 250 | D18: ق ب 613 | F18: 2010 | G18: رسمية - اخضر | H18: دراجة نارية | I18: JYA4TN00000014052 | J18: المديرية العامة للدفاع المدني للمواسم/الدفاع المدني/مديرية منطقة مكة المكرمة | K18: مركز السلامة الميدانية بالجامعة | L18: شعبة الجامعة | M18: عطلانة | N18: أخرى | O18: تحتاج الى صيانة | P18: 1-9-1447 | R18: تاريخ ادارج العطل وليس تاريخ العطل نفسه
A19: 500 | B19: 1303700010001 | C19: دراجة نارية ياماها 250 | D19: ص ا 647 | F19: 2010 | G19: رسمية - اخضر | H19: دراجة نارية | I19: JYA4TN00000014145 | J19: المديرية العامة للدفاع المدني للمواسم/الدفاع المدني/مديرية منطقة مكة المكرمة | K19: مركز السلامة الميدانية بالجامعة | L19: شعبة الجامعة | M19: عطلانة | N19: أخرى | O19: تحتاج الى صيانة | P19: 1-9-1447 | R19: تاريخ ادارج العطل وليس تاريخ العطل نفسه
A20: 468 | B20: 1303700010001 | C20: دراجة نارية ياماها 250 | D20: ص ا 194 | F20: 2010 | G20: رسمية - اخضر | H20: دراجة نارية | I20: JYA4TN00000014036 | J20: المديرية العامة للدفاع المدني للمواسم/الدفاع المدني/مديرية منطقة مكة المكرمة | K20: مركز السلامة الميدانية بالحمدانية | L20: شعبة الحمدانية | M20: عطلانة | N20: أخرى | O20: تحتاج الى صيانة | P20: 1-9-1447 | R20: تاريخ ادارج العطل وليس تاريخ العطل نفسه
A21: 469 | B21: 1303700010001 | C21: دراجة نارية ياماها 250 | D21: ق ب 688 | F21: 2010 | G21: رسمية - اخضر | H21: دراجة نارية | I21: JYA4TN00000014152 | J21: المديرية العامة للدفاع المدني للمواسم/الدفاع المدني/مديرية منطقة مكة المكرمة | K21: مركز السلامة الميدانية بالحمدانية | L21: شعبة الحمدانية | M21: عطلانة | N21: أخرى | O21: تحتاج الى صيانة | P21: 1-9-1447 | R21: تاريخ ادارج العطل وليس تاريخ العطل نفسه
A22: 532 | B22: 1303700010001 | C22: دراجة نارية ياماها 250 | D22: ص ا 238 | F22: 2010 | G22: رسمية - اخضر | H22: دراجة نارية | I22: JYA4TN00000014207 | J22: المديرية العامة للدفاع المدني للمواسم/الدفاع المدني/مديرية منطقة مكة المكرمة | K22: مركز السلامة الميدانية بالصناعية | L22: الصيانة المركزية | M22: تم الاصلاح | Q22: 8-9-1447 | R22: طلبت للصيانة بتاريخ 6-2-1448 ولم ترفع متعطله
A23: 470 | B23: 1303700010001 | C23: دراجة نارية ياماها 250 | D23: ص ا 133 | F23: 2010 | G23: رسمية - اخضر | H23: دراجة نارية | I23: JYA4TN00000014272 | J23: المديرية العامة للدفاع المدني للمواسم/الدفاع المدني/مديرية منطقة مكة المكرمة | K23: مركز السلامة الميدانية بالحمدانية | L23: شعبة الحمدانية | M23: عطلانة | N23: أخرى | O23: تحتاج الى صيانة | P23: 1-9-1447 | R23: تاريخ ادارج العطل وليس تاريخ العطل نفسه
A24: 524 | B24: 1303700010001 | C24: دراجة نارية ياماها 250 | D24: ص ا 179 | F24: 2010 | G24: رسمية - اخضر | H24: دراجة نارية | I24: JYA4TN00000014225 | J24: المديرية العامة للدفاع المدني للمواسم/الدفاع المدني/مديرية منطقة مكة المكرمة | K24: مركز السلامة الميدانية بالخزام | L24: شعبة خزام | M24: عطلانة | N24: أخرى | O24: تحتاج الى صيانة | P24: 1-9-1447 | R24: تاريخ ادارج العطل وليس تاريخ العطل نفسه
A25: 525 | B25: 1303700010001 | C25: دراجة نارية ياماها 250 | D25: ق ب 678 | F25: 2010 | G25: رسمية - اخضر | H25: دراجة نارية | I25: JYA4TN00000014301 | J25: المديرية العامة للدفاع المدني للمواسم/الدفاع المدني/مديرية منطقة مكة المكرمة | K25: مركز السلامة الميدانية بالخزام | L25: شعبة خزام | M25: عطلانة | N25: أخرى | O25: تحتاج الى صيانة | P25: 1-9-1447 | R25: تاريخ ادارج العطل وليس تاريخ العطل نفسه
A26: 526 | B26: 1303700010001 | C26: دراجة نارية ياماها 250 | D26: ق ب 639 | F26: 2010 | G26: رسمية - اخضر | H26: دراجة نارية | I26: JYA4TN00000014302 | J26: المديرية العامة للدفاع المدني للمواسم/الدفاع المدني/مديرية منطقة مكة المكرمة | K26: مركز السلامة الميدانية بالخزام | L26: شعبة خزام | M26: عطلانة | N26: أخرى | O26: تحتاج الى صيانة | P26: 1-9-1447 | R26: تاريخ ادارج العطل وليس تاريخ العطل نفسه
A27: 540 | B27: 1303700010001 | C27: دراجة نارية ياماها 250 | D27: ص ا 178 | F27: 2010 | G27: رسمية - اخضر | H27: دراجة نارية | I27: JYA4TN00000014182 | J27: المديرية العامة للدفاع المدني للمواسم/الدفاع المدني/مديرية منطقة مكة المكرمة | K27: مركز السلامة الميدانية بالساحل الجنوبي | L27: الصيانة المركزية | M27: عطلانة | N27: أخرى | O27: تحتاج الى صيانة | P27: 1-9-1447 | R27: تاريخ ادارج العطل وليس تاريخ العطل نفسه
A28: 541 | B28: 1303700010001 | C28: دراجة نارية ياماها 250 | D28: ص ا 156 | F28: 2010 | G28: رسمية - اخضر | H28: دراجة نارية | I28: JYA4TN00000014210 | J28: المديرية العامة للدفاع المدني للمواسم/الدفاع المدني/مديرية منطقة مكة المكرمة | K28: مركز السلامة الميدانية بالساحل الجنوبي | L28: الصيانة المركزية | M28: عطلانة | N28: أخرى | O28: تحتاج الى صيانة | P28: 1-9-1447 | R28: تاريخ ادارج العطل وليس تاريخ العطل نفسه
A29: 542 | B29: 1303700010001 | C29: دراجة نارية ياماها 250 | D29: ص ا 175 | F29: 2010 | G29: رسمية - اخضر | H29: دراجة نارية | I29: JYA4TN00000014215 | J29: المديرية العامة للدفاع المدني للمواسم/الدفاع المدني/مديرية منطقة مكة المكرمة | K29: مركز السلامة الميدانية بالساحل الجنوبي | L29: الصيانة المركزية | M29: عطلانة | N29: أخرى | O29: تحتاج الى صيانة | P29: 1-9-1447 | R29: تاريخ ادارج العطل وليس تاريخ العطل نفسه | Z29: مركز ثول
A30: 548 | B30: 1303700010001 | C30: دراجة نارية ياماها 250 | D30: ق ب 628 | F30: 2010 | G30: رسمية - اخضر | H30: دراجة نارية | I30: JYA4TN00000014283 | J30: المديرية العامة للدفاع المدني للمواسم/الدفاع المدني/مديرية منطقة مكة المكرمة | K30: مركز السلامة الميدانية بالسالمية | L30: شعبة السالمية | M30: عطلانة | N30: أخرى | O30: تحتاج الى صيانة | P30: 1-9-1447 | R30: تاريخ ادارج العطل وليس تاريخ العطل نفسه
A31: 549 | B31: 1303700010001 | C31: دراجة نارية ياماها 250 | D31: ص ا 605 | F31: 2010 | G31: رسمية - اخضر | H31: دراجة نارية | I31: JYA4TN0000013903 | J31: المديرية العامة للدفاع المدني للمواسم/الدفاع المدني/مديرية منطقة مكة المكرمة | K31: مركز السلامة الميدانية بالسالمية | L31: شعبة السالمية | M31: عطلانة | N31: أخرى | O31: تحتاج الى صيانة | P31: 1-9-1447 | R31: تاريخ ادارج العطل وليس تاريخ العطل نفسه
A32: 550 | B32: 1303700010001 | C32: دراجة نارية ياماها 250 | D32: ه ب 769 | F32: 2011 | G32: رسمية - اخضر | H32: دراجة نارية | I32: JYA4TN0013A014392 | J32: المديرية العامة للدفاع المدني للمواسم/الدفاع المدني/مديرية منطقة مكة المكرمة | K32: مركز السلامة الميدانية بالسالمية | L32: شعبة السالمية | M32: عطلانة | N32: أخرى | O32: تحتاج الى صيانة | P32: 1-9-1447 | R32: تاريخ ادارج العطل وليس تاريخ العطل نفسه
A33: 478 | B33: 1303700010001 | C33: دراجة نارية ياماها 250 | D33: ص ا 263 | F33: 2010 | G33: رسمية - اخضر | H33: دراجة نارية | I33: JYA4TN00000014227 | J33: المديرية العامة للدفاع المدني للمواسم/الدفاع المدني/مديرية منطقة مكة المكرمة | K33: مركز السلامة الميدانية بالشاطئ | L33: شعبة الشاطئ | M33: عطلانة | N33: أخرى | O33: تحتاج الى صيانة | P33: 1-9-1447 | R33: تاريخ ادارج العطل وليس تاريخ العطل نفسه
A34: 479 | B34: 1303700010001 | C34: دراجة نارية ياماها 250 | D34: ق ب 657 | F34: 2010 | G34: رسمية - اخضر | H34: دراجة نارية | I34: JYA4TN00000014279 | J34: المديرية العامة للدفاع المدني للمواسم/الدفاع المدني/مديرية منطقة مكة المكرمة | K34: مركز السلامة الميدانية بالشاطئ | L34: شعبة الشاطئ | M34: عطلانة | N34: أخرى | O34: تحتاج الى صيانة | P34: 1-9-1447 | R34: تاريخ ادارج العطل وليس تاريخ العطل نفسه | Z34: شعبة السالمية
A35: 533 | B35: 1303700010001 | C35: دراجة نارية ياماها 250 | D35: ه ب 723 | F35: 2011 | G35: رسمية - اخضر | H35: دراجة نارية | I35: JYA4TN0033A014572 | J35: المديرية العامة للدفاع المدني للمواسم/الدفاع المدني/مديرية منطقة مكة المكرمة | K35: مركز السلامة الميدانية بالصناعية | L35: الصيانة المركزية | M35: عطلانة | N35: أخرى | O35: تحتاج الى صيانة | P35: 1-9-1447 | R35: تاريخ ادارج العطل وليس تاريخ العطل نفسه
A36: 489 | B36: 1303700010001 | C36: دراجة نارية ياماها 250 | D36: ص ا 451 | F36: 2010 | G36: رسمية - اخضر | H36: دراجة نارية | I36: JYA4TN00000013926 | J36: المديرية العامة للدفاع المدني للمواسم/الدفاع المدني/مديرية منطقة مكة المكرمة | K36: مركز السلامة الميدانية بالعزيزية | L36: شعبة العزيزية | M36: عطلانة | N36: أخرى | O36: تحتاج الى صيانة | P36: 1-9-1447 | R36: تاريخ ادارج العطل وليس تاريخ العطل نفسه
A37: 490 | B37: 1303700010001 | C37: دراجة نارية ياماها 250 | D37: ق ب 670 | F37: 2010 | G37: رسمية - اخضر | H37: دراجة نارية | I37: JYA4TN00000014123 | J37: المديرية العامة للدفاع المدني للمواسم/الدفاع المدني/مديرية منطقة مكة المكرمة | K37: مركز السلامة الميدانية بالعزيزية | L37: شعبة العزيزية | M37: عطلانة | N37: أخرى | O37: تحتاج الى صيانة | P37: 1-9-1447 | R37: تاريخ ادارج العطل وليس تاريخ العطل نفسه
A38: 491 | B38: 1303700010001 | C38: دراجة نارية ياماها 250 | D38: ق ب 675 | F38: 2010 | G38: رسمية - اخضر | H38: دراجة نارية | I38: JYA4TN00000014161 | J38: المديرية العامة للدفاع المدني للمواسم/الدفاع المدني/مديرية منطقة مكة المكرمة | K38: مركز السلامة الميدانية بالعزيزية | L38: شعبة العزيزية | M38: عطلانة | N38: أخرى | O38: تحتاج الى صيانة | P38: 1-9-1447 | R38: تاريخ ادارج العطل وليس تاريخ العطل نفسه | Z38: تم تسليمه للاسناد من وسط 5
A39: 444 | B39: 1303700010001 | C39: دراجة نارية ياماها 250 | D39: ص ا 286 | F39: 2010 | G39: رسمية - اخضر | H39: دراجة نارية | I39: JYA4TN00000014139 | J39: المديرية العامة للدفاع المدني للمواسم/الدفاع المدني/مديرية منطقة مكة المكرمة | K39: مركز السلامة الميدانية بالمروة | L39: شعبة المروة | M39: عطلانة | N39: أخرى | O39: تحتاج الى صيانة | P39: 1-9-1447 | R39: تاريخ ادارج العطل وليس تاريخ العطل نفسه
A40: 445 | B40: 1303700010001 | C40: دراجة نارية ياماها 250 | D40: ق ب 579 | F40: 2010 | G40: رسمية - اخضر | H40: دراجة نارية | I40: JYA4TN00000014297 | J40: المديرية العامة للدفاع المدني للمواسم/الدفاع المدني/مديرية منطقة مكة المكرمة | K40: مركز السلامة الميدانية بالمروة | L40: شعبة المروة | M40: عطلانة | N40: أخرى | O40: تحتاج الى صيانة | P40: 1-9-1447 | R40: تاريخ ادارج العطل وليس تاريخ العطل نفسه
A41: 446 | B41: 1303700010001 | C41: دراجة نارية ياماها 250 | D41: ح ح 933 | F41: 2011 | G41: رسمية - اخضر | H41: دراجة نارية | I41: JYA4TN0023A014417 | J41: المديرية العامة للدفاع المدني للمواسم/الدفاع المدني/مديرية منطقة مكة المكرمة | K41: مركز السلامة الميدانية بالمروة | L41: شعبة المروة | M41: عطلانة | N41: أخرى | O41: تحتاج الى صيانة | P41: 1-9-1447 | R41: تاريخ ادارج العطل وليس تاريخ العطل نفسه
A42: 459 | B42: 1303700010001 | C42: دراجة نارية ياماها 250 | D42: ح ح 692 | F42: 2011 | G42: رسمية - اخضر | H42: دراجة نارية | I42: JYA4TN0043A014497 | J42: المديرية العامة للدفاع المدني للمواسم/الدفاع المدني/مديرية منطقة مكة المكرمة | K42: مركز السلامة الميدانية بأبحر | L42: شعبة أبحر | M42: عطلانة | N42: أخرى | O42: تحتاج الى صيانة | P42: 1-9-1447 | R42: تاريخ ادارج العطل وليس تاريخ العطل نفسه
A43: 354 | B43: 1303700020001 | C43: دراجة نارية ياماها 900 (ثلاث كفرات) | D43: ل ا 3586 | F43: 2023 | G43: رسمية - اصفر | H43: دراجة نارية | I43: JYARN84Y1PA000306 | J43: ادارة العمليات/الإدارة العامة للدفاع المدني بمحافظة جدة | K43: شعبة الدفاع المدني الميدانية بالبغدادية | L43: شعبة البغدادية | M43: تعمل | R43: تم تغيير الزيوت بتاريخ 13-11-1447
A44: 334 | B44: 1303700020001 | C44: دراجة نارية ياماها 900 (ثلاث كفرات) | D44: ل ا 3585 | F44: 2023 | G44: رسمية - اصفر | H44: دراجة نارية | I44: JYARN84Y0PA000314 | J44: ادارة العمليات/الإدارة العامة للدفاع المدني بمحافظة جدة | K44: شعبة الدفاع المدني الميدانية بالشاطئ | L44: شعبة الشاطئ | M44: تعمل
A45: 136 | B45: 1107700010002 | C45: رافعة 160 طن | D45: ا ق ى 7558 | E45: بانتظار ترسية المنافسة | F45: 2007 | G45: رسمية - اصفر | H45: كرين | I45: WFN5RUDR172029185 | J45: ادارة العمليات/الإدارة العامة للدفاع المدني بمحافظة جدة | K45: قسم الدعم والإسناد الثاني | L45: مركز الدعم والاسناد الأول والثاني والثالث | M45: عطلانة | N45: ميكانيكي | O45: تهريب في زيت الذراع الايسر | P45: 19-11-1441 | X45: شعبة الساحل / مركز الصناعية الثانية
A46: 98 | B46: 1107700010001 | C46: رافعة 50 طن | D46: ا ق ى 7557 | E46: جاري العمل على الإصلاح | F46: 2006 | G46: رسمية - اصفر | H46: كرين | I46: JTX4255A660DC0024 | J46: ادارة العمليات/الإدارة العامة للدفاع المدني بمحافظة جدة | K46: قسم الدعم والإسناد الأول | L46: مركز الدعم والاسناد الأول والثاني والثالث | M46: عطلانة | N46: أخرى | O46: تحتاج طقم كلتش + فحمات | P46: 2-11-1447 | R46: معاودة تعطل الالية بعد 12 يوم الإصلاح السابق | S46: قسم الاسناد الاول والثاني والثالث | X46: شعبة الصناعية / مركز السنابل
A47: 289 | B47: 1107700010003 | C47: رافعة شوكية | D47: ا ا ك 5156 | F47: 1975 | G47: رسمية - اصفر | H47: رافعة تلسكوبيه | I47: 84184 | J47: ادارة العمليات/الإدارة العامة للدفاع المدني بمحافظة جدة | K47: قسم الدعم والإسناد الأول | M47: تعمل | R47: لدى الصيانة المركزية
A48: 95 | B48: 1102700020004 | C48: سيارات انقاذ صغيرة فورد | D48: ب ا ق 5918 | E48: جاري العمل على الإصلاح | F48: 2015 | G48: رسمية - اصفر | H48: اب اف 350 | I48: 1FD8W3H65FEB41200 | J48: الدفاع المدني/مديرية منطقة مكة المكرمة/الإدارة العامة للدفاع المدني بمحافظة جدة | K48: مركز الدفاع المدني بالأسكان الجنوبي | L48: شعبة الإسكان الجنوبي | M48: تم الاصلاح | N48: أخرى | O48: تهريب ماء | P48: 23-1-1448 | Q48: 24-1-1448 | S48: مركز اسكان 1 ( الاسكان الجنوبي ) | X48: شعبة الصناعية / مركز المرحلة الأولى
A49: 234 | B49: 1102700020004 | C49: سيارات انقاذ صغيرة فورد | D49: ا ع ك 7739 | E49: جاري الكشف والتشخيص | F49: 2013 | G49: رسمية - اصفر | H49: اب اف 350 | I49: 1FD8W3H67DEB64460 | J49: الدفاع المدني/مديرية منطقة مكة المكرمة/الإدارة العامة للدفاع المدني بمحافظة جدة | K49: مركز الدفاع المدني بالسنابل | L49: شعبة الصناعية | M49: تم الاصلاح | N49: أخرى | O49: الرديتر | P49: 23-11-1447 | Q49: 25-11-1447 | R49: طلبت للصيانة بتاريخ 23-11-1447 | S49: صناعية 5 | U49: شعبة الشاطئ
A50: 140 | B50: 1102700020004 | C50: سيارات انقاذ صغيرة فورد | D50: ب ا ق 1510 | E50: جاري العمل على الإصلاح | F50: 2015 | G50: رسمية - اصفر | H50: اب اف 350 | I50: 1FD8W3H69FEB41068 | J50: ادارة العمليات/الإدارة العامة للدفاع المدني بمحافظة جدة | K50: شعبة الدفاع المدني الميدانية بالعزيزية | L50: الصيانة المركزية | M50: عطلانة | N50: ميكانيكي | O50: عطل في الجيربوكس | P50: 18-2-1446 | R50: شعبة العزيزية | S50: صفا 2 | X50: مركز الدعم والاسناد الأول والثاني والثالث
A51: 273 | B51: 1102700020004 | C51: سيارات انقاذ صغيرة فورد | D51: ا ع ك 7732 | E51: بانتظار ترسية المنافسة | F51: 2013 | G51: رسمية - اصفر | H51: اب اف 350 | I51: 1FD8W3H63DEB64553 | J51: ادارة العمليات/الإدارة العامة للدفاع المدني بمحافظة جدة | K51: قسم الدعم والإسناد الأول | L51: الصيانة المركزية | M51: عطلانة | N51: ميكانيكي | O51: عطل بالفرامل | P51: 28-7-1447 | S51: شمال 1
A52: 577 | B52: 1102700020004 | C52: سيارات انقاذ صغيرة فورد | D52: ب ا د 8440 | F52: 2015 | G52: رسمية - اصفر | H52: اب اف 350 | I52: 1FD8W3H6XFEB41189 | J52: ادارة العمليات/الإدارة العامة للدفاع المدني بمحافظة جدة | K52: قسم الدعم والإسناد الثالث | L52: مركز الدعم والاسناد الأول والثاني والثالث | M52: عطلانة | N52: ميكانيكي | O52: صوت في البكرات | P52: 9-9-1447 | S52: قسم الاسناد الاول والثاني والثالث
A53: 241 | B53: 1102700020004 | C53: سيارات انقاذ صغيرة فورد | D53: ب ب ا 2217 | F53: 2015 | G53: رسمية - اصفر | H53: اب اف 350 | I53: 1FD8W3H66FEB41108 | J53: الدفاع المدني/مديرية منطقة مكة المكرمة/الإدارة العامة للدفاع المدني بمحافظة جدة | K53: مركز الدفاع المدني بالحمراء | L53: شعبة الحمدانية | M53: عطلانة | N53: أخرى | O53: تهريب من علبة الدركسون | P53: 24-1-1448 | S53: مركز شمال 1 ( الحمدانية ) | U53: شعبة الجامعة / مركز الجامعة
A54: 424 | B54: 1102700020004 | C54: سيارات انقاذ صغيرة فورد | D54: ب ح ى 8048 | F54: 2017 | G54: رسمية - اصفر | H54: اب اف 350 | I54: 1FD8W3H65HEC25343 | J54: الدفاع المدني/مديرية منطقة مكة المكرمة/الإدارة العامة للدفاع المدني بمحافظة جدة | K54: مركز الدفاع المدني بالخزام | L54: شعبة خزام | M54: عطلانة | N54: ميكانيكي | O54: الفرامل | P54: 21-11-1447 | Q54: 17-11-1447 | S54: خزام 1
A55: 239 | B55: 1102700020004 | C55: سيارات انقاذ صغيرة فورد | D55: ب ا د 8783 | F55: 2015 | G55: رسمية - اصفر | H55: اب اف 350 | I55: 1FD8W3H62FEB41171 | J55: الدفاع المدني/مديرية منطقة مكة المكرمة/الإدارة العامة للدفاع المدني بمحافظة جدة | K55: مركز الدفاع المدني بالكورنيش الجنوبي | L55: شعبة الساحل الجنوبي | M55: تعمل | U55: شعبة السالمية / مركز السالمية
A56: 108 | B56: 1102700020004 | C56: سيارات انقاذ صغيرة فورد | D56: ب ا د 8450 | E56: بانتظار ترسية المنافسة | F56: 2015 | G56: رسمية - اصفر | H56: اب اف 350 | I56: 1FD8W3H68FEB41109 | J56: الدفاع المدني/مديرية منطقة مكة المكرمة/الإدارة العامة للدفاع المدني بمحافظة جدة | K56: مركز الدفاع المدني بالجامعة | L56: شعبة الجامعة | M56: عطلانة | N56: ميكانيكي | O56: عطل في الجربوكس | P56: 22-6-1446 | R56: شرق4 | S56: شرق 4 | X56: شعبة المروة / مركز حي البوادي
A57: 420 | B57: 1102700020004 | C57: سيارات انقاذ صغيرة فورد | D57: ب ح ى 8041 | E57: بانتظار ترسية المنافسة | F57: 2017 | G57: رسمية - اصفر | H57: اب اف 350 | I57: 1FD8W3H69HEC25328 | J57: الدفاع المدني/مديرية منطقة مكة المكرمة/الإدارة العامة للدفاع المدني بمحافظة جدة | K57: مركز الدفاع المدني بقويزة | L57: شعبة الجامعة | M57: تعمل بوجود ملاحظات | N57: ميكانيكي | O57: تهريب زيت دركسون من العلبه | P57: 22-5-1447 | R57: تم تفعليه برغم من الأعطال حتى يتم طلب الالية للإصلاح | S57: شرق 3 | Z57: شعبة الجامعة
A58: 274 | B58: 1102700020004 | C58: سيارات انقاذ صغيرة فورد | D58: ب ب ا 2174 | F58: 2015 | G58: رسمية - اصفر | H58: اب اف 350 | I58: 1FD8W3H64FEB41074 | J58: ادارة العمليات/الإدارة العامة للدفاع المدني بمحافظة جدة | K58: قسم الدعم والإسناد الأول | L58: شعبة الحمدانية | M58: تعمل
A59: 570 | B59: 1102700010001 | C59: سيارات انقاذ كبيرة جمس | D59: ص و ع 284 | F59: 2006 | G59: رسمية - اصفر | H59: شاحنة | I59: 1GDJK33U96F153606 | J59: ادارة العمليات/الإدارة العامة للدفاع المدني بمحافظة جدة | K59: قسم الدعم والإسناد الثالث | L59: الصيانة المركزية | M59: تحت إجراءات الرجيع | N59: أخرى | O59: اعطال متعددة | P59: 19-6-1447 | Q59: بدون إجراءات | S59: مركز الدعم والاسناد الأول والثاني والثالث
A60: 568 | B60: 1102700010001 | C60: سيارات انقاذ كبيرة جمس | D60: ا ب م 7403 | F60: 2008 | G60: رسمية - اصفر | H60: شاحنة | I60: 1FDWW37Y98EB05376 | J60: ادارة العمليات/الإدارة العامة للدفاع المدني بمحافظة جدة | K60: قسم الدعم والإسناد الثالث | L60: مركز الدعم والاسناد الأول والثاني والثالث | M60: تحت إجراءات الرجيع | N60: أخرى | O60: اعطال متعددة | S60: مركز الدعم والاسناد الأول والثاني والثالث
A61: 569 | B61: 1102700010001 | C61: سيارات انقاذ كبيرة جمس | D61: ا ح ع 3212 | F61: 2008 | G61: رسمية - اصفر | H61: شاحنة | I61: 1FDWW37YX8EB05399 | J61: ادارة العمليات/الإدارة العامة للدفاع المدني بمحافظة جدة | K61: قسم الدعم والإسناد الثالث | L61: مركز الدعم والاسناد الأول والثاني والثالث | M61: تحت إجراءات الرجيع | N61: أخرى | O61: اعطال متعددة | S61: مركز الدعم والاسناد الأول والثاني والثالث
A62: 214 | B62: 1102700010004 | C62: سيارات انقاذ كبيرة فورد | D62: ا ب م 7402 | F62: 2008 | G62: رسمية - اصفر | H62: اب اف 350 | I62: 1FDWW37Y48EB05401 | J62: الدفاع المدني/مديرية منطقة مكة المكرمة/الإدارة العامة للدفاع المدني بمحافظة جدة | K62: مركز الدفاع المدني بالروضة | L62: مركز الدعم والاسناد الأول والثاني والثالث | M62: تحت إجراءات الرجيع | N62: حادث مروري | O62: رجيع وتالفة من قبل عام 1436 | P62: 1-1-1436 | Q62: حادث مروري قديم | R62: تالفة | S62: مركز غرب 3 ( الروضة ) | U62: شعبة البغدادية / مركز الحمراء
A63: 576 | B63: 1102700010004 | C63: سيارات انقاذ كبيرة فورد | D63: د س ا 420 | F63: 2002 | G63: رسمية - اصفر | H63: شاحنة | I63: LFDWW37S42EC63112 | J63: ادارة العمليات/الإدارة العامة للدفاع المدني بمحافظة جدة | K63: قسم الدعم والإسناد الثالث | L63: مركز الدعم والاسناد الأول والثاني والثالث | M63: صدر قرار الرجيع | N63: أخرى | O63: اعطال متعددة | P63: 18-6-1447 | R63: س س أ 4201 | S63: مركز الدعم والاسناد الأول والثاني والثالث
A64: 196 | B64: 1102700010004 | C64: سيارات انقاذ كبيرة فورد | D64: س س ق 642 | F64: 2003 | G64: رسمية - اصفر | H64: شاحنة | I64: 1FDWW37S23EC54071 | J64: ادارة العمليات/الإدارة العامة للدفاع المدني بمحافظة جدة | K64: قسم الدعم والإسناد الثاني | L64: مركز الدعم والاسناد الأول والثاني والثالث | M64: صدر قرار الرجيع | N64: أخرى | O64: الادراج الجانبية | P64: 10-2-1445 | S64: مركز الدعم والاسناد الأول والثاني والثالث
A65: 571 | B65: 1102700010004 | C65: سيارات انقاذ كبيرة فورد | D65: ا ص م 3631 | F65: 2003 | G65: رسمية - اصفر | H65: شاحنة | I65: 1FDWW37S53EC54047 | J65: ادارة العمليات/الإدارة العامة للدفاع المدني بمحافظة جدة | K65: قسم الدعم والإسناد الثالث | L65: مركز الدعم والاسناد الأول والثاني والثالث | M65: تحت إجراءات الرجيع | N65: أخرى | O65: اعطال متعددة | S65: مركز الدعم والاسناد الأول والثاني والثالث
A66: 572 | B66: 1102700010004 | C66: سيارات انقاذ كبيرة فورد | D66: س س ق 249 | F66: 2003 | G66: رسمية - اصفر | H66: شاحنة | I66: 1FDWW37S63EC54073 | J66: ادارة العمليات/الإدارة العامة للدفاع المدني بمحافظة جدة | K66: قسم الدعم والإسناد الثالث | L66: مركز الدعم والاسناد الأول والثاني والثالث | M66: تحت إجراءات الرجيع | N66: أخرى | O66: اعطال متعددة | S66: مركز الدعم والاسناد الأول والثاني والثالث
A67: 272 | B67: 1102700010004 | C67: سيارات انقاذ كبيرة فورد | D67: ا ح ع 3196 | E67: بانتظار ترسية المنافسة | F67: 2008 | G67: رسمية - اصفر | H67: اب اف 350 | I67: 1FDWW37Y78EB05408 | J67: ادارة العمليات/الإدارة العامة للدفاع المدني بمحافظة جدة | K67: قسم الدعم والإسناد الأول | L67: الصيانة المركزية | M67: عطلانة | N67: أخرى | O67: اعطال متعددة | P67: 20-6-1447 | S67: شعبة السالمية
A68: 58 | B68: 1102700010004 | C68: سيارات انقاذ كبيرة فورد | D68: ا ص م 3845 | E68: بانتظار ترسية المنافسة | F68: 2010 | G68: رسمية - اصفر | H68: شاحنة | I68: 1FDWW3HY6AEA69487 | J68: ادارة العمليات/الإدارة العامة للدفاع المدني بمحافظة جدة | K68: قسم الدعم والإسناد الأول | L68: مركز الدعم والاسناد الأول والثاني والثالث | M68: عطلانة | N68: أخرى | O68: ارتجاج وحذفه + الانوار + الكفرات + والمكيف | P68: 21-1-1448 | Q68: 20-1-1448 | S68: وسط 2 | X68: جنوب 1 | Z68: مركز الدعم والاسناد الأول والثاني والثالث
A69: 575 | B69: 1102700010004 | C69: سيارات انقاذ كبيرة فورد | D69: ص ل ع 404 | F69: 2006 | G69: رسمية - اصفر | H69: شاحنة | I69: 1FDWW37YX6EC99655 | J69: ادارة العمليات/الإدارة العامة للدفاع المدني بمحافظة جدة | K69: قسم الدعم والإسناد الثالث | L69: مركز الدعم والاسناد الأول والثاني والثالث | M69: صدر قرار الرجيع | N69: أخرى | O69: اعطال متعددة | S69: مركز الدعم والاسناد الأول والثاني والثالث
A70: 197 | B70: 1102700010004 | C70: سيارات انقاذ كبيرة فورد | D70: ا ب م 7397 | E70: إجراءات الإحالة للرجيع | F70: 2008 | G70: رسمية - اصفر | H70: بكب غمارتين | I70: 1FDWW37Y88EB05370 | J70: ادارة العمليات/الإدارة العامة للدفاع المدني بمحافظة جدة | K70: قسم الدعم والإسناد الثالث | L70: مركز الدعم والاسناد الأول والثاني والثالث | M70: عطلانة | N70: أخرى | O70: الادارج الجانبية | P70: 10-2-1445
A71: 573 | B71: 1102700010004 | C71: سيارات انقاذ كبيرة فورد | D71: ص ر ك 285 | F71: 2007 | G71: رسمية - اصفر | H71: شاحنة | I71: 1FDWW37Y27EA42734 | J71: ادارة العمليات/الإدارة العامة للدفاع المدني بمحافظة جدة | K71: قسم الدعم والإسناد الثالث | L71: مركز الدعم والاسناد الأول والثاني والثالث | M71: تحت إجراءات الرجيع | N71: أخرى | O71: اعطال متعددة | S71: مركز الدعم والاسناد الأول والثاني والثالث
A72: 66 | B72: 1102700010004 | C72: سيارات انقاذ كبيرة فورد | D72: ا ب م 7388 | F72: 2008 | G72: رسمية - اصفر | H72: شاحنة | I72: 1FDWW37Y88EB05353 | J72: ادارة العمليات/الإدارة العامة للدفاع المدني بمحافظة جدة | K72: قسم الدعم والإسناد الثالث | L72: مركز الدعم والاسناد الأول والثاني والثالث | M72: صدر قرار الرجيع | N72: ميكانيكي | O72: حرارة + تهريب مياه + سمكرة | P72: 2-9-1445 | S72: مركز الدعم والاسناد الأول والثاني والثالث | X72: شعبة الحمدانية / مركز الحمدانية
A73: 91 | B73: 1102700010004 | C73: سيارات انقاذ كبيرة فورد | D73: ا ح ع 3182 | F73: 2008 | G73: رسمية - اصفر | H73: شاحنة | I73: 1FDWW37Y28EB05381 | J73: ادارة العمليات/الإدارة العامة للدفاع المدني بمحافظة جدة | K73: قسم الدعم والإسناد الثاني | L73: مركز الدعم والاسناد الأول والثاني والثالث | M73: صدر قرار الرجيع | N73: أخرى | O73: الادراج | P73: 25-2-1443 | S73: مركز الدعم والاسناد الأول والثاني والثالث | X73: شعبة الاسكان / مركز الألفية
A74: 34 | B74: 1102700010004 | C74: سيارات انقاذ كبيرة فورد | D74: ا ح ع 3209 | E74: بانتظار ترسية المنافسة | F74: 2008 | G74: رسمية - اصفر | H74: شاحنة | I74: 1FDWW37Y58EB05374 | J74: ادارة العمليات/الإدارة العامة للدفاع المدني بمحافظة جدة | K74: قسم الدعم والإسناد الثاني | L74: مركز الدعم والاسناد الأول والثاني والثالث | M74: عطلانة | N74: أخرى | O74: الادراج +السفتي +الونان+الفرامل | P74: 5-8-1444 | X74: سالمية 2
A75: 574 | B75: 1102700010004 | C75: سيارات انقاذ كبيرة فورد | D75: ا ح ع 3224 | F75: 2008 | G75: رسمية - اصفر | H75: شاحنة | I75: 1FDWW37Y48EB05382 | J75: ادارة العمليات/الإدارة العامة للدفاع المدني بمحافظة جدة | K75: قسم الدعم والإسناد الثالث | L75: مركز الدعم والاسناد الأول والثاني والثالث | M75: تحت إجراءات الرجيع | N75: أخرى | O75: اعطال متعددة | S75: مركز الدعم والاسناد الأول والثاني والثالث
A76: 186 | B76: 1102700010004 | C76: سيارات انقاذ كبيرة فورد | D76: ا ن ط 2420 | E76: بانتظار ترسية المنافسة | F76: 2012 | G76: رسمية - اصفر | H76: اب اف 350 | I76: 1FD8W3H64CEB64480 | J76: الإدارة العامة للدفاع المدني بمحافظة جدة/مديرية منطقة مكة المكرمة | K76: مركز الدفاع المدني بالبحارة بثول | L76: مركز ثول | M76: تم الاصلاح | N76: ميكانيكي | O76: تهريب زيت من باكم الفرامل | P76: 11-5-1447 | Q76: 12-11-1447 | S76: مركز ثول
A77: 130 | B77: 1102700010004 | C77: سيارات انقاذ كبيرة فورد | D77: ا ن ط 2412 | F77: 2012 | G77: رسمية - اصفر | H77: اب اف 350 | I77: 1FD8W3H63CEB64499 | J77: الدفاع المدني/مديرية منطقة مكة المكرمة/الإدارة العامة للدفاع المدني بمحافظة جدة | K77: مركز الدفاع المدني بالربوة | L77: شعبة المروة | M77: عطلانة | N77: أخرى | O77: انقطاع السير وتهريب الماء | P77: 6-10-1447 | S77: صفا 3 | X77: شعبة الجامعة / مركز قويزة
A78: 28 | B78: 1102700010004 | C78: سيارات انقاذ كبيرة فورد | D78: ا ن ط 2419 | E78: بانتظار ترسية المنافسة | F78: 2012 | G78: رسمية - اصفر | H78: اب اف 350 | I78: 1FD8W3H67CEB64487 | J78: الدفاع المدني/مديرية منطقة مكة المكرمة/الإدارة العامة للدفاع المدني بمحافظة جدة | K78: مركز الدفاع المدني بالنزهة | L78: الصيانة المركزية | M78: عطلانة | N78: أخرى | O78: تهريب في تانكي البنزين | P78: 26-1-1448 | Q78: 25-12-1447 | S78: صفا 2 | X78: بلد 1
A79: 149 | B79: 1102700010004 | C79: سيارات انقاذ كبيرة فورد | D79: أ م ن 8199 | E79: جاري العمل على الإصلاح | F79: 2012 | G79: رسمية - اصفر | H79: شاحنة | I79: 1FD8W3H65CEB64472 | J79: الدفاع المدني/مديرية منطقة مكة المكرمة/الإدارة العامة للدفاع المدني بمحافظة جدة | K79: مركز الدفاع المدني بحى المنار | L79: شعبة السالمية | M79: عطلانة | N79: أخرى | O79: اقمشة ومقصات والونان | P79: 24-1-1448 | Q79: 23-1-1448 | R79: تم الاستلام واتضح وجود عطل جديد بنفس يوم الاستلام | S79: سالمية 5
A80: 174 | B80: 1102700010004 | C80: سيارات انقاذ كبيرة فورد | D80: ا م ن 8209 | E80: بانتظار ترسية المنافسة | F80: 2012 | G80: رسمية - اصفر | H80: سيارة اطفاء | I80: 1FD8W3H61CEB64484 | J80: الدفاع المدني/مديرية منطقة مكة المكرمة/الإدارة العامة للدفاع المدني بمحافظة جدة | K80: مركز الدفاع المدني بحي النهضة | L80: الصيانة المركزية | M80: عطلانة | N80: ميكانيكي | O80: ضعف في الفرامل | P80: 13-2-1447 | S80: غرب 3
A81: 84 | B81: 1102700010004 | C81: سيارات انقاذ كبيرة فورد | D81: ص ل ع 255 | E81: إجراءات الإحالة للرجيع | F81: 2006 | G81: رسمية - اصفر | H81: فان | I81: 1FDWW37Y16EC99611 | J81: الدفاع المدني/مديرية منطقة مكة المكرمة/الإدارة العامة للدفاع المدني بمحافظة جدة | K81: مركز الدفاع المدني بقصر الجزيرة بثول | L81: مركز ثول | M81: تحت إجراءات الرجيع | N81: ميكانيكي | O81: عطل بالجيربوكس | P81: 26-2-1445 | Q81: بدون إجراءات | R81: بديل من ثول | S81: مجد 2 | X81: شعبة البغدادية / مركز الحمراء
A82: 171 | B82: 1102700010004 | C82: سيارات انقاذ كبيرة فورد | D82: ا ن ط 2415 | F82: 2012 | G82: رسمية - اصفر | H82: اب اف 350 | I82: 1FD8W3H6XCEB64502 | J82: ادارة العمليات/الإدارة العامة للدفاع المدني بمحافظة جدة | K82: قسم الدعم والإسناد الثاني | L82: مركز الدعم والاسناد الأول والثاني والثالث | M82: صدر قرار الرجيع | N82: ميكانيكي | O82: خلط ماء مع الزيت | P82: 13-3-1446 | S82: مركز الدعم والاسناد الأول والثاني والثالث
A83: 43 | B83: 1104700010001 | C83: سيارة اسعاف صالون جمس | D83: ب ل ص 9475 | E83: بانتظار ترسية المنافسة | F83: 2005 | G83: رسمية - اصفر | H83: صالون | I83: 3GKFK16T05G272258 | J83: ادارة العمليات/الإدارة العامة للدفاع المدني بمحافظة جدة | K83: شعبة الدفاع المدني الميدانية بالإسكان الجنوبي | L83: شعبة الإسكان الجنوبي | M83: تم الاصلاح | O83: بطاريات | P83: 4-5-1447 | Q83: 5-11-1447 | S83: شعبة الاسكان | X83: إسكان 1
A84: 580 | B84: 1104700010001 | C84: سيارة اسعاف صالون جمس | D84: ه د ب 284 | F84: 2005 | G84: رسمية - اصفر | H84: فان | I84: 3GKFK16T95G271948 | J84: ادارة العمليات/الإدارة العامة للدفاع المدني بمحافظة جدة | K84: قسم الدعم والإسناد الثالث | L84: مركز الدعم والاسناد الأول والثاني والثالث | M84: تحت إجراءات الرجيع | N84: أخرى | O84: اعطال متعددة | Q84: بدون إجراءات | S84: مركز الدعم والاسناد الأول والثاني والثالث
A85: 578 | B85: 1104700010001 | C85: سيارة اسعاف صالون جمس | D85: و ص ر 7154 | F85: 2006 | G85: رسمية - اصفر | H85: فان | I85: 1GKFK16T36J177919 | J85: ادارة العمليات/الإدارة العامة للدفاع المدني بمحافظة جدة | K85: قسم الدعم والإسناد الثالث | L85: مركز الدعم والاسناد الأول والثاني والثالث | M85: تعمل
A86: 579 | B86: 1104700010001 | C86: سيارة اسعاف صالون جمس | D86: و ع ح 619 | F86: 2006 | G86: رسمية - اصفر | H86: صالون | I86: 1Gkfk16t36j176505 | J86: ادارة العمليات/الإدارة العامة للدفاع المدني بمحافظة جدة | K86: قسم الدعم والإسناد الثالث | L86: مركز الدعم والاسناد الأول والثاني والثالث | M86: تحت إجراءات الرجيع | N86: أخرى | O86: اعطال متعددة | Q86: بدون إجراءات | S86: مركز الدعم والاسناد الأول والثاني والثالث
A87: 148 | B87: 1104700010001 | C87: سيارة اسعاف صالون جمس | D87: و ص ر 276 | F87: 2006 | G87: رسمية - اصفر | H87: لم يسجل | I87: 1GKFK16T06J174136 | J87: الإدارة العامة للدفاع المدني بمحافظة جدة/مديرية منطقة مكة المكرمة | K87: مركز الدفاع المدني بالبحارة بثول | L87: مركز ثول | M87: تحت إجراءات الرجيع | N87: كهربائي | O87: اعطال كهربائية | P87: 16-4-1447 | Q87: بدون إجراءات | R87: مركز ثول | S87: ثول | X87: ش روزنباور
A88: 321 | B88: 1104700010004 | C88: سيارة اسعاف صالون فورد | D88: أ ح ن 6662 | E88: بانتظار ترسية المنافسة | F88: 2004 | G88: رسمية - اصفر | H88: صالون | I88: 1fmnu41s64eb04093 | J88: ادارة العمليات/الإدارة العامة للدفاع المدني بمحافظة جدة | K88: شعبة الدفاع المدني الميدانية بالحمدانية | L88: شعبة الحمدانية | M88: تم الاصلاح | N88: أخرى | O88: ارتفاع درجة الحرارة | P88: 25-12-1447 | Q88: 17-1-1448 | S88: شمال 3
A89: 4 | B89: 1104700020001 | C89: سيارة اسعاف فان جمس | D89: ا ه ب 4029 | E89: بانتظار ترسية المنافسة | F89: 2012 | G89: رسمية - اصفر وابيض | H89: فان | I89: 1GTW78CG5C1197663 | J89: ادارة العمليات/الإدارة العامة للدفاع المدني بمحافظة جدة | K89: شعبة الدفاع المدني الميدانية بالجامعة | L89: شعبة الجامعة | M89: عطلانة | N89: أخرى | O89: تسريب فريون والمكيف لايعمل | P89: 29-12-1447 | Q89: 6-11-1447 | S89: شرق 1 | X89: شمال 5
A90: 57 | B90: 1104700020001 | C90: سيارة اسعاف فان جمس | D90: ا ه ب 4251 | E90: بانتظار ترسية المنافسة | F90: 2012 | G90: رسمية - اصفر وابيض | H90: فان | I90: 1GTW78CG0C1193679 | J90: ادارة العمليات/الإدارة العامة للدفاع المدني بمحافظة جدة | K90: شعبة الدفاع المدني الميدانية بالعزيزية | L90: شعبة العزيزية | M90: عطلانة | N90: كهربائي | O90: التماس كهربائي في الكابينة | P90: 30-1-1447 | R90: تم تغيير الاقمشة واتضح وجود التماس كهربائي بالماكينة | S90: وسط 1 | X90: خزام 5
A91: 328 | B91: 1104700020001 | C91: سيارة اسعاف فان جمس | D91: ا ه ب 4099 | F91: 2012 | G91: رسمية - اصفر وابيض | H91: فان | I91: 1GTW78CG8C1192215 | J91: ادارة العمليات/الإدارة العامة للدفاع المدني بمحافظة جدة | K91: شعبة الدفاع المدني الميدانية بالشاطئ | L91: شعبة الشاطئ | M91: تعمل
A92: 310 | B92: 1104700020001 | C92: سيارة اسعاف فان جمس | D92: ا ه ب 4098 | F92: 2012 | G92: رسمية - اصفر وابيض | H92: فان | I92: 1GTW78CG2C1195465 | J92: ادارة العمليات/الإدارة العامة للدفاع المدني بمحافظة جدة | K92: شعبة الدفاع المدني الميدانية بالمروة | L92: شعبة المروة | M92: تعمل
A93: 93 | B93: 1104700020004 | C93: سيارة اسعاف فان فورد | D93: ا د ن 5244 | F93: 2008 | G93: رسمية - اصفر | H93: فان | I93: 1FDSS34P98DB11903 | J93: ادارة العمليات/الإدارة العامة للدفاع المدني بمحافظة جدة | K93: شعبة الدفاع المدني الميدانية بالخزام | L93: مركز الدعم والاسناد الأول والثاني والثالث | M93: صدر قرار الرجيع | N93: ميكانيكي | O93: اعطال ميكانيكية وكهرباء | P93: 25-10-1445 | R93: الجهة الاسناد | S93: خزام 1 | X93: شعبة الاسكان / مركز المحاميد
A94: 99 | B94: 1104700020004 | C94: سيارة اسعاف فان فورد | D94: ا د ن 5361 | E94: إجراءات الإحالة للرجيع | F94: 2008 | G94: رسمية - اصفر | H94: فان | I94: 1FDSS34p38DB11900 | J94: ادارة العمليات/الإدارة العامة للدفاع المدني بمحافظة جدة | K94: قسم الدعم والإسناد الثالث | L94: الصيانة المركزية | M94: عطلانة | N94: كهربائي | O94: اسلاك الظفيرة +تغيير الكفرات | P94: 24-2-1445 | R94: طلبت للصيانة بتاريخ 16-11-1447 | X94: شعبة الصناعية / مركز الصناعية الثانية
A95: 102 | B95: 1104700020004 | C95: سيارة اسعاف فان فورد | D95: ا د ن 8075 | E95: إجراءات الإحالة للرجيع | F95: 2008 | G95: رسمية - اصفر | H95: فان | I95: 1FDSS34P38DB11914 | J95: ادارة العمليات/الإدارة العامة للدفاع المدني بمحافظة جدة | K95: قسم الدعم والإسناد الثالث | L95: مركز الدعم والاسناد الأول والثاني والثالث | M95: عطلانة | N95: بطاريات | O95: سحب كهرباء وبطارية | P95: 23-4-1447 | X95: شعبة المروة
A96: 581 | B96: 1104700020004 | C96: سيارة اسعاف فان فورد | D96: ا د ن 5238 | F96: 2008 | G96: رسمية - اصفر | H96: فان | I96: 1fDSS34p78db11916 | J96: ادارة العمليات/الإدارة العامة للدفاع المدني بمحافظة جدة | K96: قسم الدعم والإسناد الثالث | L96: مركز الدعم والاسناد الأول والثاني والثالث | M96: تحت إجراءات الرجيع | N96: أخرى | O96: اعطال متعددة | S96: مركز الدعم والاسناد الأول والثاني والثالث
A97: 73 | B97: 1101700010006 | C97: سيارة اطفاء حرائق صناعية روزنباور | D97: أ ق ي 2545 | E97: بانتظار ترسية المنافسة | F97: 2009 | G97: رسمية - اصفر | H97: سيارة اطفاء | I97: 44KFT64819WZ21491 | J97: ادارة العمليات/الإدارة العامة للدفاع المدني بمحافظة جدة | K97: شعبة الدفاع المدني الميدانية بالصناعية | L97: الصيانة المركزية | M97: عطلانة | N97: مضخات | O97: المضخة والمؤشرات للماء والرغاوي لاتعمل | P97: 14-5-1447 | R97: لم يتم الاستلام بتاريخ 24-12-1447 لوجود نفس العطل | S97: صناعية 1 | X97: شعبة العزيزية / مركز الرحاب
A98: 100 | B98: 1101700040008 | C98: سيارة اطفاء حرائق صناعية روزنباور | D98: ا ق ى 2546 | F98: 2010 | G98: رسمية - اصفر | H98: سيارة اطفاء | I98: 44KFT64849WZ21498 | J98: ادارة العمليات/الإدارة العامة للدفاع المدني بمحافظة جدة | K98: شعبة الدفاع المدني الميدانية بالساحل الجنوبي | L98: شعبة الساحل الجنوبي | M98: تم الاصلاح | Q98: 23-8-1447 | S98: مركز جنوب 1 ( الكورنيش ) | X98: شعبة الصناعية / مركز طريق الساحل
A99: 137 | B99: 1101700020004 | C99: سيارة اطفاء صغيرة فورد | D99: ا ر ل 2032 | F99: 2002 | G99: رسمية - اصفر | H99: سيارة اطفاء | I99: 1FDXW47F42EC40118 | J99: ادارة العمليات/الإدارة العامة للدفاع المدني بمحافظة جدة | K99: قسم الدعم والإسناد الثالث | L99: الصيانة المركزية | M99: صدر قرار الرجيع | N99: أخرى | O99: تهريب ديزل | P99: 18-6-1445 | S99: خزام 2 | X99: شعبة الساحل / مركز طريق الساحل
A100: 139 | B100: 1101700020004 | C100: سيارة اطفاء صغيرة فورد | D100: أ ر ل 2033 | F100: 2002 | G100: رسمية - اصفر | H100: سيارة اطفاء | I100: 1FDXW47F82EC63093 | J100: ادارة العمليات/الإدارة العامة للدفاع المدني بمحافظة جدة | K100: قسم الدعم والإسناد الثالث | L100: مركز الدعم والاسناد الأول والثاني والثالث | M100: صدر قرار الرجيع | N100: أخرى | O100: اعطال متعددة | P100: 18-2-1447 | S100: مركز الدعم والاسناد الأول والثاني والثالث | X100: مركز ثول
...

Sheet الاعدادت
B1: الموقع الالية الحالي | C1: الحالة الفنية | D1: نوع العطل
B2: شعبة الحمدانية | C2: عطلانة | D2: ميكانيكي | F2: شعبة الشاطئ | G2: شعبة الحمدانية | H2: شعبة العزيزية | I2: شعبة المروة | J2: شعبة ابحر | K2: شعبة السالمية | L2: شعبة الجامعة | M2: شعبة الصناعية | N2: شعبة خزام | O2: شعبة البغدادية | P2: شعبة الساحل الجنوبي | Q2: شعبة الاسكان | R2: مركز ثول الخارجي | S2: قسم الاسناد الاول والثاني والثالث
B3: شعبة أبحر / مركز درة العروس | C3: تم الاصلاح | D3: بطاريات | F3: مركز غرب 1 ( الشاطئ ) | G3: مركز شمال 1 ( الحمدانية ) | H3: مركز وسط 1 ( الرحاب ) | I3: مركز صفا 1 ( المروة ) | J3: مركز ابحر 1 ( ابحر الجنوبية ) | K3: مركز سالمية 1 ( السالمية ) | L3: مركز شرق 1 ( الجامعة ) | M3: مركز صناعية 1 ( الصناعية ) | N3: مركز خزام 1 ( خزام ) | O3: مركز بلد 1 ( الحمراء ) | P3: مركز جنوب 1 ( الكورنيش ) | Q3: مركز اسكان 1 ( الاسكان الجنوبي ) | R3: مركز ثول
B4: شعبة الاسكان / مركز الحرازات الشرقي | C4: تحت إجراءات الرجيع | D4: كهربائي | F4: مركز غرب 2 ( الخالدية ) | G4: مركز شمال 2 ( بريمان ) | H4: مركز وسط 2 ( العزيزية ) | I4: مركز صفا 2 ( النزهة ) | J4: مركز ابحر 2 ( ابحر الشمالية ) | K4: مركز سالمية 2 ( النخيل ) | L4: مركز شرق 2 ( الروابي ) | M4: مركز صناعية 2 ( المرحلة الاولى ) | N4: مركز خزام 2 ( مدائن الفهد ) | O4: مركز بلد 2 ( البغدادية ) | P4: مركز جنوب 2 ( الصناعية الثانية ) | Q4: مركز اسكان 2 ( ام السلم ) | R4: مركز مجد 2 ( الجزيرة )
B5: شعبة الصناعية | C5: صدر قرار الرجيع | D5: مضخات | F5: مركز غرب 3 ( الروضة ) | G5: مركز شمال 3 ( الرحيلي ) | H5: مركز وسط 3 ( النسيم ) | I5: مركز صفا 3 ( الربوة ) | J5: مركز ابحر 3 ( المحمدية ) | K5: مركز سالمية 3 | L5: مركز شرق 3 ( قويزة ) | M5: مركز صناعية 3 ( الاسواق الشعبية ) | N5: مركز خزام 3 ( الكندرة ) | O5: مركز بلد 3 ( باب مكة ) | P5: مركز جنوب 3 ( طريق الساحل ) | Q5: مركز اسكان 3 ( الالفية )
B6: شعبة الساحل / مركز الكورنيش الجنوبي | C6: تعمل بوجود ملاحظات | D6: أخرى | F6: مركز غرب 4 ( النهضة ) | G6: مركز شمال 4 ( الرياض ) | H6: مركز وسط 4 ( بني مالك ) | I6: مركز صفا 4 ( الصفا ) | J6: مركز ابحر 4 ( درة العروس ) | K6: مركز سالمية 4 ( السامر ) | L6: مركز شرق 4 ( المنتزهات ) | M6: مركز صناعية 5 ( السنابل ) | N6: مركز خزام 4 ( المصفاة ) | O6: مركز بلد 4 ( الخاسكية ) | P6: مركز جنوب 4 ( الخمرة ) | Q6: مركز اسكان 4 ( الحزرات الشرقي )
B7: شعبة السالمية | C7: تعمل | D7: برمجة | F7: مركز مجد 1 ( قصر السلام ) | G7: مركز شمال 5 ( ذهبان ) | H7: مركز وسط 5 ( الاندلس ) | I7: مركز صفا 5 ( الفيصلية ) | K7: مركز سالمية 5 ( المنار ) | L7: مركز شرق 5 ( الحرزات الشمالي ) | N7: مركز بترومين | O7: مركز بلد 5 ( الشرفية ) | P7: مركز جنوب 5 ( المستودعات ) | Q7: مركز اسكان 5 ( المحاميد )
B8: شعبة أبحر / مركز أبحر الشمالية | C8: تحت التجهيز والتسليم | D8: كفرات | F8: مركز مجد 3
B9: شعبة خزام / مركز بترومين | D9: خلل فني | F9: مركز مجد 3ب
B10: شعبة البغدادية / مركز إسكان الشرفية | D10: تجديد ودهان
B11: شعبة الصناعية / مركز المرحلة الأولى | D11: حادث مروري
B12: شعبة البغدادية / مركز البغدادية
B13: الصيانة المركزية
B14: شعبة السالمية / مركز المنار | H14: قسم الاسناد الاول والثاني والثالث | J14: جاري العمل على الإصلاح | M14: ادارة العمليات | N14: جميع الجهات من غير تكرار
B15: شعبة الشاطئ / مركز النهضة | H15: شعبة الشاطئ | J15: بانتظار ترسية المنافسة | M15: المكتب
B16: شعبة السالمية / مركز السامر | H16: مركز غرب 1 ( الشاطئ ) | J16: غير مدرج في بيان الأعطال | M16: إدارة السلامة
B17: شعبة الشاطئ / مركز حي السلامة | H17: مركز غرب 2 ( الخالدية ) | J17: إجراءات الإحالة للرجيع | M17: إدارة الشؤون الإدارية
B18: شعبة الجامعة / مركز الروابي | H18: مركز غرب 3 ( الروضة ) | J18: تم الإصلاح وبحاجة تشخيص جديد | M18: شعبة التحقيق
B19: شعبة الصناعية / مركز الصناعية الثانية | H19: مركز غرب 4 ( النهضة ) | J19: تم الإصلاح | M19: شعبة التموين والمستودعات
B20: شعبة العزيزية / مركز حي مشرفة | H20: مركز مجد 1 ( قصر السلام ) | J20: جاري الكشف والتشخيص | M20: شعبة الدفاع المدني الميدانية بالإسكان الجنوبي
B21: شعبة البغدادية | H21: مركز مجد 3 | J21: إجراءات الامر المستديم 198 | M21: شعبة الدفاع المدني الميدانية بالبغدادية
B22: شعبة السالمية / مركز التيسير | H22: مركز مجد 3ب | M22: شعبة الدفاع المدني الميدانية بالجامعة
B23: شعبة المروة | H23: شعبة الحمدانية | M23: شعبة الدفاع المدني الميدانية بالحمدانية
B24: شعبة المروة / مركز الفيصلية | H24: مركز شمال 1 ( الحمدانية ) | M24: شعبة الدفاع المدني الميدانية بالخزام
B25: مركز ثول | H25: مركز شمال 2 ( بريمان ) | M25: شعبة الدفاع المدني الميدانية بالساحل الجنوبي
B26: ورشة خارجية | H26: مركز شمال 3 ( الرحيلي ) | M26: شعبة الدفاع المدني الميدانية بالسالمية
B27: شعبة الجامعة | H27: مركز شمال 4 ( الرياض ) | M27: شعبة الدفاع المدني الميدانية بالشاطئ
B28: شعبة الساحل / مركز طريق الساحل | H28: مركز شمال 5 ( ذهبان ) | M28: شعبة الدفاع المدني الميدانية بالصناعية
B29: شعبة الصناعية / مركز الأسواق الشعبية | H29: شعبة العزيزية | M29: شعبة الدفاع المدني الميدانية بالعزيزية
B30: شعبة الاسكان / مركز الألفية | H30: مركز وسط 1 ( الرحاب ) | M30: شعبة الدفاع المدني الميدانية بالمروة
B31: شعبة الحمدانية / مركز الحمدانية | H31: مركز وسط 2 ( العزيزية ) | M31: شعبة الدفاع المدني الميدانية بأبحر
B32: شعبة الحمدانية / مركز مخطط الرحيلي | H32: مركز وسط 3 ( النسيم ) | M32: شعبة الشؤون الفنية
B33: شعبة الحمدانية / مركز بريمان | H33: مركز وسط 4 ( بني مالك ) | M33: شعبة المراجعة الداخلية
... B85: ش روزنباور | H85: مركز اسكان 4 ( الحزرات الشرقي ) | M85: مركز الدفاع المدني بحى المنار
H86: مركز اسكان 5 ( المحاميد ) | M86: مركز الدفاع المدني بحى النخيل
H87: مركز ثول الخارجي | M87: مركز الدفاع المدني بحى بني مالك
H88: مركز ثول | M88: مركز الدفاع المدني بحي البوادي
H89: مركز مجد 2 ( الجزيرة ) | M89: مركز الدفاع المدني بحي التيسير
M90: مركز الدفاع المدني بحي الرياض
M91: مركز الدفاع المدني بحي السلامة
M92: مركز الدفاع المدني بحي المنتزهات
M93: مركز الدفاع المدني بحي النسيم
M94: مركز الدفاع المدني بحي النهضة
M95: مركز الدفاع المدني بحي الوزيرية
M96: مركز الدفاع المدني بحي مشرفة
M97: مركز الدفاع المدني بدرة العروس
M98: مركز الدفاع المدني بذهبان
M99: مركز الدفاع المدني بطريق الساحل
M100: مركز الدفاع المدني بقصر الجزيرة بثول
M101: مركز الدفاع المدني بقصر السلام
... M115: مركز السلامة الميدانية بأبحر

Sheet قوائم منسدلة
A1: السنة | B1: الشهر | C1: الأسبوع | D1: اليوم | I1: عطلانة | J1: تم الاصلاح | K1: تحت إجراءات الرجيع | L1: صدر قرار الرجيع | M1: ميكانيكي | N1: بطاريات | O1: كهربائي | P1: مضخات | Q1: أخرى | R1: برمجة | S1: كفرات | T1: خلل فني | U1: تجديد ودهان | V1: حادث مروري
A2: الكل | B2: الكل | C2: الكل | D2: الكل | I2: =COUNTIF('لوحة التحكم'!K13:K1048576,"عطلانة") -> 199 | J2: =COUNTIF('لوحة التحكم'!K13:K1048576,"تم الاصلاح") -> 168 | K2: =COUNTIF('لوحة التحكم'!K13:K1048576,"تحت إجراءات الرجيع") -> 23 | L2: =COUNTIF('لوحة التحكم'!K13:K1048576,"صدر قرار الرجيع") -> 58 | M2: =COUNTIF('لوحة التحكم'!L13:L1048576,"ميكانيكي") -> 100 | N2: =COUNTIF('لوحة التحكم'!L13:L1048576,"بطاريات") -> 8 | O2: =COUNTIF('لوحة التحكم'!L13:L1048576,"كهربائي") -> 21 | P2: =COUNTIF('لوحة التحكم'!L13:L1048576,"مضخات") -> 11 | Q2: =COUNTIF('لوحة التحكم'!L13:L1048576,"أخرى") -> 156 | R2: =COUNTIF('لوحة التحكم'!L13:L1048576,"برمجة") -> 1 | S2: =COUNTIF('لوحة التحكم'!L13:L1048576,"كفرات") -> 10 | T2: =COUNTIF('لوحة التحكم'!L13:L1048576,"خلل فني") -> 42 | U2: =COUNTIF('لوحة التحكم'!L13:L1048576,"تجديد ودهان") -> 2 | V2: =COUNTIF('لوحة التحكم'!L13:L1048576,"حادث مروري") -> 16
A3: 2025 | B3: 1 | C3: 1 | D3: 1
A4: 2026 | B4: 2 | C4: 2 | D4: 2
A5: 2027 | B5: 3 | C5: 3 | D5: 3 | I5: نوع السيارة | J5: عدد التكرار | N5: {=_xlfn.LET( _xlpm.rng, 'لوحة التحكم'!H13:H1048576, _xlpm.words, _xlfn.UNIQUE(_xlfn._xlws.FILTER(_xlpm.rng, _xlpm.rng<>"")), _xlpm.counts, COUNTIF(_xlpm.rng, _xlpm.words), _xlpm.sorted, _xlfn.SORTBY(_xlpm.words, _xlpm.counts, -1), INDEX(_xlpm.sorted, ROWS($A$1:A1)) )} -> ادارة العمليات/الإدارة العامة للدفاع المدني بمحافظة جدة | O5: =COUNTIF('لوحة التحكم'!H13:H1048576, N5) -> 232
A6: 2028 | B6: 4 | C6: 4 | D6: 4 | I6: {=_xlfn.LET( _xlpm.rng, 'لوحة التحكم'!B13:B1048576, _xlpm.words, _xlfn.UNIQUE(_xlfn._xlws.FILTER(_xlpm.rng, _xlpm.rng<>"")), _xlpm.counts, COUNTIF(_xlpm.rng, _xlpm.words), _xlpm.sorted, _xlfn.SORTBY(_xlpm.words, _xlpm.counts, -1), INDEX(_xlpm.sorted, ROWS($A$1:A1)) )} -> وايت سكس مرسيدس بمضخه وقاذف | J6: =COUNTIF(Table7[نوع السيارة تفصيلي], I6) -> 75 | N6: {=_xlfn.LET( _xlpm.rng, 'لوحة التحكم'!I13:I1048576, _xlpm.words, _xlfn.UNIQUE(_xlfn._xlws.FILTER(_xlpm.rng, _xlpm.rng<>"")), _xlpm.counts, COUNTIF(_xlpm.rng, _xlpm.words), _xlpm.sorted, _xlfn.SORTBY(_xlpm.words, _xlpm.counts, -1), INDEX(_xlpm.sorted, ROWS($A$1:A1)) )} -> قسم الدعم والإسناد الثالث | O6: =COUNTIF('لوحة التحكم'!I13:I1048576, N6) -> 96
A7: 2029 | B7: 5 | D7: 5 | I7: {=_xlfn.LET( _xlpm.rng, 'لوحة التحكم'!B13:B1169, _xlpm.words, _xlfn.UNIQUE(_xlfn._xlws.FILTER(_xlpm.rng, _xlpm.rng<>"")), _xlpm.counts, COUNTIF(_xlpm.rng, _xlpm.words), _xlpm.sorted, _xlfn.SORTBY(_xlpm.words, _xlpm.counts, -1), INDEX(_xlpm.sorted, ROWS($A$1:A2)) )} -> وايت عادي مرسيدس بمضخة وقاذف | J7: =COUNTIF(Table7[نوع السيارة تفصيلي], I7) -> 34 | N7: {=_xlfn.LET( _xlpm.rng, 'لوحة التحكم'!P13:P1048576, _xlpm.words, _xlfn.UNIQUE(_xlfn._xlws.FILTER(_xlpm.rng, _xlpm.rng<>"")), _xlpm.counts, COUNTIF(_xlpm.rng, _xlpm.words), _xlpm.sorted, _xlfn.SORTBY(_xlpm.words, _xlpm.counts, -1), INDEX(_xlpm.sorted, ROWS($A$1:A1)) )} -> قسم الاسناد الاول والثاني والثالث | O7: =COUNTIF('لوحة التحكم'!P13:P1048576, N7) -> 134
A8: 2030 | B8: 6 | D8: 6 | I8: {=_xlfn.LET( _xlpm.rng, 'لوحة التحكم'!B14:B1170, _xlpm.words, _xlfn.UNIQUE(_xlfn._xlws.FILTER(_xlpm.rng, _xlpm.rng<>"")), _xlpm.counts, COUNTIF(_xlpm.rng, _xlpm.words), _xlpm.sorted, _xlfn.SORTBY(_xlpm.words, _xlpm.counts, -1), INDEX(_xlpm.sorted, ROWS($A$1:A3)) )} -> دراجة نارية ياماها 250 | J8: =COUNTIF(Table7[نوع السيارة تفصيلي], I8) -> 31
A9: 2031 | B9: 7 | D9: 7 | I9: {=_xlfn.LET( _xlpm.rng, 'لوحة التحكم'!B15:B1171, _xlpm.words, _xlfn.UNIQUE(_xlfn._xlws.FILTER(_xlpm.rng, _xlpm.rng<>"")), _xlpm.counts, COUNTIF(_xlpm.rng, _xlpm.words), _xlpm.sorted, _xlfn.SORTBY(_xlpm.words, _xlpm.counts, -1), INDEX(_xlpm.sorted, ROWS($A$1:A4)) )} -> سيارة جيب 4 باب نيسان رسمي | J9: =COUNTIF(Table7[نوع السيارة تفصيلي], I9) -> 27
A10: 2032 | B10: 8 | D10: 8 | I10: {=_xlfn.LET( _xlpm.rng, 'لوحة التحكم'!B16:B1172, _xlpm.words, _xlfn.UNIQUE(_xlfn._xlws.FILTER(_xlpm.rng, _xlpm.rng<>"")), _xlpm.counts, COUNTIF(_xlpm.rng, _xlpm.words), _xlpm.sorted, _xlfn.SORTBY(_xlpm.words, _xlpm.counts, -1), INDEX(_xlpm.sorted, ROWS($A$1:A5)) )} -> سيارة اطفاء وانقاذ مزدوجة كومندر | J10: =COUNTIF(Table7[نوع السيارة تفصيلي], I10) -> 28
A11: 2033 | B11: 9 | D11: 9
A12: 2034 | B12: 10 | D12: 10
A13: 2035 | B13: 11 | D13: 11
A14: 2036 | B14: 12 | D14: 12
A15: 2037 | D15: 13
A16: 2038 | D16: 14
A17: 2039 | D17: 15
A18: 2040 | D18: 16
A19: 2041 | D19: 17
A20: 2042 | D20: 18
A21: 2043 | D21: 19
A22: 2044 | D22: 20
A23: 2045 | D23: 21
A24: 2046 | D24: 22
A25: 2047 | D25: 23
A26: 2048 | D26: 24
... A33: 2055 | D33: 31

Sheet بيان بالآليات
A1: الجهة عام | B1: الجهة تفصيلي (تنطيق الاوراكل) | C1: رقم الصنف | D1: نوع السيارة تفصيلي | E1: رقم اللوحة كامل | F1: الموديل | G1: اللون | H1: نوع السيارة عام | I1: رقم الشاصية | J1: الموقع الالية الحالي | K1: الحالة الفنية | L1: نوع العطل | M1: وصف العطل | N1: تاريخ العطل | O1: تاريخ الإصلاح | P1: ملاحظات | Q1: جهة العطل | R1: صالحة | S1: شعبة الحمدانية | T1: ميكانيكي | V1: شمال 1 | W1: تعمل
A2: الدفاع المدني/مديرية منطقة مكة المكرمة/الإدارة العامة للدفاع المدني بمحافظة جدة | B2: مركز الدفاع المدني بمخطط الرحيلي | C2: 1101700030006 | D2: سيارة اطفاء وانقاذ مزدوجة كومندر | E2: أ ن ب 3281 | F2: 2012 | G2: رسمية - اصفر | H2: سيارة اطفاء | I2: 54F2AA50XCWE10025 | J2: شعبة الحمدانية | K2: عطلانة | L2: ميكانيكي | M2: خلط مويه مع الزيت | N2: 9-7-1446 | P2: تم استلام الالية من الصيانة 12-5-1447 واتضح استمرار الأعطال | Q2: شمال 3 | S2: شعبة أبحر / مركز درة العروس | V2: شمال2
A3: الدفاع المدني/مديرية منطقة مكة المكرمة/الإدارة العامة للدفاع المدني بمحافظة جدة | B3: مركز الدفاع المدني بالشاطئ | C3: 1101700010006 | D3: سيارة اطفاء وانقاذ مزدوجة كومندر | E3: ا ع ك 7441 | F3: 2013 | G3: رسمية - اصفر | H3: سيارة اطفاء | I3: 54F2AA509DWE10289 | J3: الصيانة المركزية | K3: عطلانة | L3: ميكانيكي | M3: عطل ميكانيكي | N3: 9-6-1445 | P3: بديل من الشعبة | Q3: غرب 1 | V3: شمال 3
A4: الدفاع المدني/مديرية منطقة مكة المكرمة/الإدارة العامة للدفاع المدني بمحافظة جدة | B4: مركز الدفاع المدني بالصفا | C4: 1106700020003 | D4: وايت سكس مرسيدس بمضخه وقاذف | E4: ب ا ق 1436 | F4: 2015 | G4: رسمية - اصفر | H4: صهريج سكس | I4: WDAKHAAA1FL946682 | J4: شعبة المروة | K4: تم الاصلاح | N4: 9-5-1447 | O4: 12-5-1447 | P4: تم اصلاح عطل الكفرات بتاريخ 12-5-1447 | Q4: صفا 4 | S4: شعبة الاسكان / مركز الحرازات الشرقي | V4: شمال 4
A5: ادارة العمليات/الإدارة العامة للدفاع المدني بمحافظة جدة | B5: شعبة الدفاع المدني الميدانية بالجامعة | C5: 1104700020001 | D5: سيارة اسعاف فان جمس | E5: ا ه ب 4029 | F5: 2012 | G5: رسمية - اصفر وابيض | H5: فان | I5: 1GTW78CG5C1197663 | J5: شعبة الجامعة | K5: عطلانة | L5: بطاريات | M5: بطاريات | N5: 9-3-1447 | Q5: شرق 1 | V5: شمال 5
A6: الدفاع المدني/مديرية منطقة مكة المكرمة/الإدارة العامة للدفاع المدني بمحافظة جدة | B6: مركز الدفاع المدني بالعزيزية | C6: 1106700020003 | D6: وايت سكس مرسيدس بمضخه وقاذف | E6: ا ه س 8369 | F6: 2013 | G6: رسمية - اصفر | H6: صهريج سكس | I6: WDAKHAAA7DL766569 | J6: شعبة العزيزية | K6: عطلانة | L6: ميكانيكي | M6: عطل في الكلتش + عطل بالتعشيق | N6: 9-3-1447 | Q6: وسط 2 | V6: ابحر 1
A7: ادارة العمليات/الإدارة العامة للدفاع المدني بمحافظة جدة | B7: قسم الدعم والإسناد الثالث | C7: 1105700080001 | D7: سيارة انارة | E7: ا ل ط 6396 | F7: 2011 | G7: رسمية - اصفر | H7: اف 450 | I7: 1fdtf4hy5bec59128 | J7: مركز الدعم والاسناد الأول والثاني والثالث | K7: عطلانة | L7: كهربائي | M7: التماس كهربائي في السيارة | N7: 9-2-1447 | V7: ابحر 2
A8: ادارة العمليات/الإدارة العامة للدفاع المدني بمحافظة جدة | B8: قسم الدعم والإسناد الثاني | C8: 1106700010003 | D8: وايت عادي مرسيدس بمضخة وقاذف | E8: د ن ل 713 | F8: 1989 | G8: رسمية - اصفر | H8: صهريج عادي | I8: 40402055346001 | J8: مركز الدعم والاسناد الأول والثاني والثالث | K8: عطلانة | L8: ميكانيكي | M8: عطل في علبة الدركسون | N8: 9-1-1447 | V8: ابحر 3
A9: ادارة العمليات/الإدارة العامة للدفاع المدني بمحافظة جدة | B9: شعبة الدفاع المدني الميدانية بالصناعية | C9: 1204700030001 | D9: سيارة جيب شاص تويوتا رسمي | E9: ا ع ل 7710 | F9: 2010 | G9: رسمية - اصفر | H9: جيب بكب | I9: JTFLU73JXA4512736 | J9: شعبة الصناعية | K9: عطلانة | L9: ميكانيكي | M9: عطل في الكلتش | N9: 9-11-1446 | Q9: صناعية 1 | V9: ابحر 4
A10: الدفاع المدني/مديرية منطقة مكة المكرمة/الإدارة العامة للدفاع المدني بمحافظة جدة | B10: مركز الدفاع المدني بقويزة | C10: 1101700010006 | D10: سيارة اطفاء وانقاذ مزدوجة كومندر | E10: ا ه س 2235 | F10: 2013 | G10: رسمية - اصفر | H10: سيارة اطفاء | I10: 54F2AA506DWE10203 | J10: الصيانة المركزية | K10: عطلانة | L10: مضخات | M10: المضخة المساعدات | N10: 9-11-1445 | P10: بديل انقاذ فورد من الشعبة | Q10: شعبة الجامعة | V10: ابحر 5
A11: الدفاع المدني/مديرية منطقة مكة المكرمة/الإدارة العامة للدفاع المدني بمحافظة جدة | B11: مركز الدفاع المدني بحي الرياض | C11: 1101700010006 | D11: سيارة اطفاء وانقاذ مزدوجة كومندر | E11: ا ع ك 7450 | F11: 2013 | G11: رسمية - اصفر | H11: سيارة اطفاء | I11: 54F2AA507DWE10274 | J11: الصيانة المركزية | K11: عطلانة | L11: ميكانيكي | M11: عطل الباكم الخلفي | N11: 9-10-1446 | Q11: شمال 4 | V11: غرب 1
A12: الدفاع المدني/مديرية منطقة مكة المكرمة/الإدارة العامة للدفاع المدني بمحافظة جدة | B12: مركز الدفاع المدني بالسالمية | C12: 1101700010006 | D12: سيارة اطفاء وانقاذ مزدوجة كومندر | E12: ا ه س 2233 | F12: 2013 | G12: رسمية - اصفر | H12: سيارة اطفاء | I12: 54F2AA508DWE10221 | J12: شعبة السالمية | K12: تم الاصلاح | N12: 8-5-1447 | O12: 12-5-1447 | P12: تم الإصلاح بتاريخ 12-5-1447 | Q12: سالمية 1 | S12: شعبة الصناعية | V12: غرب 2
A13: الدفاع المدني/مديرية منطقة مكة المكرمة/الإدارة العامة للدفاع المدني بمحافظة جدة | B13: قسم الدعم والاسناد الأول | C13: 1106700010003 | D13: وايت عادي مرسيدس بمضخة وقاذف | E13: ر ص س 200 | F13: 1981 | G13: رسمية - اصفر | H13: صهريج عادي | I13: 34631154808228 | J13: مركز الدعم والاسناد الأول والثاني والثالث | K13: عطلانة | L13: مضخات | M13: مضخة وتجديد | N13: 8-4-1447 | P13: شعبة العزيزية | Q13: وسط 5 | S13: شعبة الساحل / مركز الكورنيش الجنوبي | V13: غرب 3
A14: ادارة العمليات/الإدارة العامة للدفاع المدني بمحافظة جدة | B14: قسم الدعم والإسناد الأول | C14: 1303700010001 | D14: دراجة نارية ياماها 250 | E14: ص ا 661 | F14: 2010 | G14: رسمية - اخضر | H14: دراجة نارية | I14: JYA4TN00000014030 | J14: مركز الدعم والاسناد الأول والثاني والثالث | K14: عطلانة | L14: بطاريات | M14: بطارية | N14: 8-4-1447 | V14: غرب 4
A15: ادارة العمليات/الإدارة العامة للدفاع المدني بمحافظة جدة | B15: شعبة الدفاع المدني الميدانية بأبحر | C15: 1105700010006 | D15: سيارة سلالم 32 متر | E15: ا ص م 3047 | F15: 2010 | G15: رسمية - اصفر | H15: سيارة اطفاء | I15: WDAYHCAA8AL480005 | J15: شعبة أبحر | K15: تم الاصلاح | O15: 16-5-1447 | Q15: بلد 1 | V15: مجد 1
A16: ادارة العمليات/الإدارة العامة للدفاع المدني بمحافظة جدة | B16: قسم الدعم والإسناد الثاني | C16: 1101700010006 | D16: سيارة اطفاء كبيره روزنباور | E16: ا ص م 3537 | F16: 2006 | G16: رسمية - اصفر | H16: سيارة اطفاء | I16: 44KFT42846WZ20824 | J16: مركز الدعم والاسناد الأول والثاني والثالث | K16: عطلانة | L16: مضخات | M16: مفتاح المضخة | N16: 8-4-1447 | V16: مجد 2
A17: ادارة العمليات/الإدارة العامة للدفاع المدني بمحافظة جدة | B17: قسم الدعم والإسناد الثاني | C17: 1106700010010 | D17: وايت عادي اكتروس بمضخه وقاذف | E17: س ق ه 393 | F17: 2004 | G17: رسمية - اصفر | H17: صهريج سكس | I17: WDB9300131K913344 | J17: مركز الدعم والاسناد الأول والثاني والثالث | K17: عطلانة | L17: أخرى | M17: عدة اعطال | N17: 8-4-1447 | V17: مجد 3
A18: الدفاع المدني/مديرية منطقة مكة المكرمة/الإدارة العامة للدفاع المدني بمحافظة جدة | B18: مركز الدفاع المدني بحي مشرفة | C18: 1106700020003 | D18: وايت سكس مرسيدس بمضخه وقاذف | E18: ا و م 2858 | F18: 2014 | G18: رسمية - اصفر | H18: سيارة اطفاء | I18: WDAKHAAA4EL854870 | J18: شعبة الشاطئ | K18: عطلانة | L18: ميكانيكي | M18: عطل في السست الامامية | N18: 8-4-1447 | Q18: غرب 2 | V18: مجد 3ب
A19: ادارة العمليات/الإدارة العامة للدفاع المدني بمحافظة جدة | B19: قسم الدعم والإسناد الثالث | C19: 1106700020010 | D19: وايت سكس اكتروس بمضخه وقاذف | E19: ا ر ا 7183 | F19: 2009 | G19: رسمية - اصفر | H19: صهريج سكس | I19: WDAKHCAB69L381015 | J19: مركز الدعم والاسناد الأول والثاني والثالث | K19: عطلانة | L19: ميكانيكي | M19: ضعف كتش | N19: 8-4-1447 | V19: وسط 1
A20: الدفاع المدني/مديرية منطقة مكة المكرمة/الإدارة العامة للدفاع المدني بمحافظة جدة | B20: مركز الدفاع المدني بحي البوادي | C20: 1101700020004 | D20: سيارة اطفاء صغيرة فورد | E20: ا ر ل 1863 | F20: 2003 | G20: رسمية - اصفر | H20: سيارة اطفاء | I20: 1FDXW47P43EC54014 | J20: الصيانة المركزية | K20: عطلانة | L20: كهربائي | M20: عطل في الكهرباء | N20: 8-2-1445 | P20: بديل من الاسناد --خزام 2 | Q20: شعبة الإسكان الجنوبي | V20: وسط 2
A21: الدفاع المدني/مديرية منطقة مكة المكرمة/الإدارة العامة للدفاع المدني بمحافظة جدة | B21: مركز الدفاع المدني بالشاطئ | C21: 1106700020003 | D21: وايت سكس مرسيدس بمضخه وقاذف | E21: ا ن ع 8503 | F21: 2013 | G21: رسمية - اصفر | H21: صهريج سكس | I21: WDAKHAAA3DL708264 | J21: شعبة الشاطئ | K21: عطلانة | L21: ميكانيكي | M21: عطل في الجيربوكس | N21: 8-1-1447 | Q21: غرب 1 | V21: وسط 3
A22: ادارة العمليات/الإدارة العامة للدفاع المدني بمحافظة جدة | B22: قسم الدعم والإسناد الثالث | C22: 1101700020004 | D22: سيارة اطفاء صغيرة فورد | E22: أ ر ل 1850 | F22: 2003 | G22: رسمية - اصفر | H22: سيارة اطفاء | I22: 1FDXW47P33EC54019 | J22: مركز الدعم والاسناد الأول والثاني والثالث | K22: تحت إجراءات الرجيع | L22: أخرى | M22: رجه في السيارة | N22: 8-1-1447 | Q22: مركز الدعم والاسناد الأول والثاني والثالث | V22: وسط 4
A23: ادارة العمليات/الإدارة العامة للدفاع المدني بمحافظة جدة | B23: قسم الدعم والإسناد الأول | C23: 1105700020001 | D23: سيارة سنوركل | E23: ح ا ب 750 | F23: 1998 | G23: رسمية - اصفر | H23: شاحنة | I23: 4EN3AAA82W1008818 | J23: مركز الدعم والاسناد الأول والثاني والثالث | K23: تحت إجراءات الرجيع | L23: أخرى | M23: اعطال متعددة | N23: 7-9-1444 | Q23: مركز الدعم والاسناد الأول والثاني والثالث | V23: وسط 5
A24: الدفاع المدني/مديرية منطقة مكة المكرمة/الإدارة العامة للدفاع المدني بمحافظة جدة | B24: مركز الدفاع المدني بالرحاب | C24: 1101700010006 | D24: سيارة اطفاء وانقاذ مزدوجة كومندر | E24: ا و س 7237 | F24: 2013 | G24: رسمية - اصفر | H24: سيارة اطفاء | I24: 54F2AA501DWE10318 | J24: شعبة العزيزية | K24: عطلانة | L24: ميكانيكي | M24: عطل بلف هواء الفرامل | N24: 7-4-1447 | Q24: وسط 1 | V24: صفا 1
A25: ادارة العمليات/الإدارة العامة للدفاع المدني بمحافظة جدة | B25: قسم الدعم والإسناد الأول | C25: 1204700030001 | D25: سيارة جيب شاص تويوتا رسمي | E25: ا ص ط 4840 | F25: 2009 | G25: رسمية - اصفر | H25: جيب بكب | I25: jtflj71j698018387 | J25: مركز الدعم والاسناد الأول والثاني والثالث | K25: عطلانة | L25: أخرى | M25: عطل في مفتاح البودرة | N25: 7-4-1445 | V25: صفا 2
A26: الدفاع المدني/مديرية منطقة مكة المكرمة/الإدارة العامة للدفاع المدني بمحافظة جدة | B26: مركز الدفاع المدني بالكورنيش الجنوبي | C26: 1101700030006 | D26: سيارة اطفاء وانقاذ مزدوجة كومندر | E26: ا ن ط 2406 | F26: 2012 | G26: رسمية - اصفر | H26: سيارة اطفاء | I26: 54F2AA50XCWE10039 | J26: شعبة الساحل الجنوبي | K26: عطلانة | L26: مضخات | M26: عطل بالمضخة وتهريب زيوت | N26: 7-12-1446 | Q26: جنوب 1 | S26: شعبة السالمية | V26: صفا 3
A27: الدفاع المدني/مديرية منطقة مكة المكرمة/الإدارة العامة للدفاع المدني بمحافظة جدة | B27: مركز الدفاع المدني بحي المنتزهات | C27: 1106700010003 | D27: وايت عادي مرسيدس بمضخة وقاذف | E27: ا د م 2616 | F27: 1991 | G27: رسمية - اصفر | H27: صهريج عادي | I27: WDB34600152728988 | J27: شعبة الجامعة | K27: صدر قرار الرجيع | L27: أخرى | M27: اعطال متنوعة | N27: 7-12-1442 | Q27: شرق 5 | V27: صفا 4
A28: الدفاع المدني/مديرية منطقة مكة المكرمة/الإدارة العامة للدفاع المدني بمحافظة جدة | B28: مركز الدفاع المدني بالخمرة | C28: 1106700020003 | D28: وايت سكس مرسيدس بمضخه وقاذف | E28: ا و م 7674 | F28: 2014 | G28: رسمية - اصفر | H28: سيارة اطفاء | I28: WDAKHAAA5EL866669 | J28: ش روزنباور | K28: عطلانة | L28: مضخات | M28: تهريب ماء من المضخة | N28: 7-1-1447 | Q28: جنوب 4 | V28: صفا 5
A29: الدفاع المدني/مديرية منطقة مكة المكرمة/الإدارة العامة للدفاع المدني بمحافظة جدة | B29: مركز الدفاع المدني بالنزهة | C29: 1102700010004 | D29: سيارات انقاذ كبيرة فورد | E29: ا ن ط 2419 | F29: 2012 | G29: رسمية - اصفر | H29: اب اف 350 | I29: 1FD8W3H67CEB64487 | J29: شعبة المروة | K29: عطلانة | L29: ميكانيكي | M29: عطل مبرد القير + الفرامل | N29: 7-11-1446 | Q29: صفا 2 | V29: بلد 1
A30: ادارة العمليات/الإدارة العامة للدفاع المدني بمحافظة جدة | B30: قسم الدعم والإسناد الثالث | C30: 1101700020004 | D30: سيارة اطفاء صغيرة فورد | E30: ا ر ل 1868 | F30: 2004 | G30: رسمية - اصفر | H30: سيارة اطفاء | I30: 1FDXW4TP84EB32418 | J30: مركز الدعم والاسناد الأول والثاني والثالث | K30: صدر قرار الرجيع | L30: أخرى | M30: اعطال متنوعة | N30: 6-9-1447 | Q30: مركز الدعم والاسناد الأول والثاني والثالث | V30: بلد 2
A31: ادارة العمليات/الإدارة العامة للدفاع المدني بمحافظة جدة | B31: قسم الدعم والإسناد الثاني | C31: 1105700080001 | D31: سيارة انارة | E31: ب ا ق 1832 | F31: 2015 | G31: رسمية - اصفر | H31: اف 450 | I31: 1FDTF4HY5FEB64249 | J31: الصيانة المركزية | K31: عطلانة | L31: كهربائي | M31: عطل حساس العمود الايسر | N31: 6-4-1446 | V31: بلد 3
A32: ادارة العمليات/الإدارة العامة للدفاع المدني بمحافظة جدة | B32: قسم الدعم والإسناد الثالث | C32: 1106700020003 | D32: وايت سكس مرسيدس بمضخه وقاذف | E32: أ ن ط 2502 | F32: 2013 | G32: رسمية - اصفر | H32: صهريج سكس | I32: WDAKHAAA6DL716861 | J32: مركز الدعم والاسناد الأول والثاني والثالث | K32: عطلانة | L32: ميكانيكي | M32: بواكم الهواء | N32: 6-2-1447 | V32: بلد 4
A33: ادارة العمليات/الإدارة العامة للدفاع المدني بمحافظة جدة | B33: شعبة الدفاع المدني الميدانية بالحمدانية | C33: 1204700010003 | D33: سيارة جيب 2 باب نيسان رسمي | E33: ا ل ع 1091 | F33: 2009 | G33: رسمية - اصفر | H33: جيب | I33: JN8BY14YX9X539595 | J33: شعبة الحمدانية | K33: عطلانة | L33: أخرى | M33: ارتفاع درجة الحرارة | N33: 5-8-1446 | P33: بديل من الشعبة | Q33: شمال 1 | V33: بلد 5
A34: الدفاع المدني/مديرية منطقة مكة المكرمة/الإدارة العامة للدفاع المدني بمحافظة جدة | B34: مركز الدفاع المدني بالاسواق الشعبية | C34: 1106700020003 | D34: وايت سكس مرسيدس بمضخه وقاذف | E34: ا ص م 3618 | F34: 1983 | G34: رسمية - اصفر | H34: صهريج سكس | I34: 3430154805270 | J34: شعبة الصناعية | K34: عطلانة | L34: ميكانيكي | M34: عطل في القير | N34: 5-8-1446 | P34: يوجد بديل من الشعبة | Q34: صناعية 3 | V34: سالمية 1
A35: ادارة العمليات/الإدارة العامة للدفاع المدني بمحافظة جدة | B35: قسم الدعم والإسناد الثاني | C35: 1102700010004 | D35: سيارات انقاذ كبيرة فورد | E35: ا ح ع 3209 | F35: 2008 | G35: رسمية - اصفر | H35: شاحنة | I35: 1FDWW37Y58EB05374 | J35: مركز الدعم والاسناد الأول والثاني والثالث | K35: عطلانة | L35: أخرى | M35: الادراج +السفتي +الونان+الفرامل | N35: 5-8-1444 | V35: سالمية 2
A36: الدفاع المدني/مديرية منطقة مكة المكرمة/الإدارة العامة للدفاع المدني بمحافظة جدة | B36: مركز الدفاع المدني بذهبان | C36: 1101700010006 | D36: سيارة اطفاء وانقاذ مزدوجة كومندر | E36: ا ه د 1273 | F36: 2013 | G36: رسمية - اصفر | H36: سيارة اطفاء | I36: 54F2AA503DWE10188 | J36: ش روزنباور | K36: عطلانة | L36: برمجة | M36: برمجة مضخة | N36: 5-5-1447 | Q36: شمال 5 | S36: شعبة أبحر / مركز أبحر الشمالية | V36: سالمية 3
A37: ادارة العمليات/الإدارة العامة للدفاع المدني بمحافظة جدة | B37: مركز الدفاع المدني بحي السلامة | C37: 1106700020003 | D37: وايت سكس مرسيدس بمضخه وقاذف | E37: ب ا د 8349 | F37: 2015 | G37: رسمية - اصفر | H37: صهريج سكس | I37: WDAKHAAA1FL930224 | J37: شعبة العزيزية | K37: تم الاصلاح | N37: 5-5-1447 | O37: 10-5-1447 | P37: تم اصلاح عطل الباكم بتاريخ 10-5-1447 | Q37: وسط 5 | V37: سالمية 4
A38: الدفاع المدني/مديرية منطقة مكة المكرمة/الإدارة العامة للدفاع المدني بمحافظة جدة | B38: مركز الدفاع المدني بالخمرة | C38: 1101700010006 | D38: سيارة اطفاء وانقاذ مزدوجة كومندر | E38: ا و س 7262 | F38: 2013 | G38: رسمية - اصفر | H38: سيارة اطفاء | I38: 54F2AA503DWE10305 | J38: شعبة الساحل الجنوبي | K38: تم الاصلاح | N38: 5-5-1447 | O38: 8-5-1447 | P38: تم اصلاح العطل بتاريخ 8-5-1447 بالشعبة | Q38: جنوب 4 | V38: سالمية 5
A39: الدفاع المدني/مديرية منطقة مكة المكرمة/الإدارة العامة للدفاع المدني بمحافظة جدة | B39: مركز الدفاع المدني بحي المنتزهات | C39: 1101700010006 | D39: سيارة اطفاء وانقاذ مزدوجة كومندر | E39: ا و م 2890 | F39: 2014 | G39: رسمية - اصفر | H39: سيارة اطفاء | I39: 54F2AA501EWE10627 | J39: شعبة الجامعة | K39: عطلانة | L39: كفرات | M39: عطل في غطاء الهوب الامامي | N39: 5-5-1447 | Q39: شرق 4 | V39: شرق 1
A40: الدفاع المدني/مديرية منطقة مكة المكرمة/الإدارة العامة للدفاع المدني بمحافظة جدة | B40: مركز الدفاع المدني بالسنابل | C40: 1101700010006 | D40: سيارة اطفاء كبيره روزنباور | E40: ا ص م 3544 | F40: 2004 | G40: رسمية - اصفر | H40: سيارة اطفاء | I40: 44KFT42894WZ20430 | J40: مركز الدعم والاسناد الأول والثاني والثالث | K40: صدر قرار الرجيع | L40: ميكانيكي | M40: طرمبة الديزل | N40: 5-3-1446 | Q40: مركز الدعم والاسناد الأول والثاني والثالث | S40: شعبة خزام / مركز بترومين | V40: شرق 2
A41: الدفاع المدني/مديرية منطقة مكة المكرمة/الإدارة العامة للدفاع المدني بمحافظة جدة | B41: مركز الدفاع المدني بالفيصلية | C41: 1101700010006 | D41: سيارة اطفاء وانقاذ مزدوجة كومندر | E41: ا و س 7235 | F41: 2013 | G41: رسمية - اصفر | H41: سيارة اطفاء | I41: 54F2AA500DWE10343 | J41: شعبة المروة | K41: عطلانة | L41: خلل فني | M41: تهريب زيت من فلنجة الكفر الخلفي الأيمن | N41: 5-1-1447 | Q41: صفا 5 | S41: شعبة البغدادية / مركز إسكان الشرفية | V41: شرق 3
A42: ادارة العمليات/الإدارة العامة للدفاع المدني بمحافظة جدة | B42: قسم الدعم والإسناد الثاني | C42: 1105700010001 | D42: سيارة سلالم 28 متر | E42: ا ك ع 1641 | F42: 2006 | G42: رسمية - اصفر | H42: رافعة تلسكوبيه | I42: WJMAIVRM004312280 | J42: شعبة الشاطئ | K42: عطلانة | L42: خلل فني | M42: عطل في الحساسات | N42: 5-1-1447 | P42: بديل من شعبة غرب | V42: شرق 4
A43: ادارة العمليات/الإدارة العامة للدفاع المدني بمحافظة جدة | B43: قسم الدعم والإسناد الثالث | C43: 1106700020003 | D43: وايت سكس مرسيدس بمضخه وقاذف | E43: أ د م 4920 | F43: 2003 | G43: رسمية - اصفر | H43: صهريج سكس | I43: WDB9500135K765118 | J43: مركز الدعم والاسناد الأول والثاني والثالث | K43: عطلانة | L43: ميكانيكي | M43: عطل في الكليبر | N43: 5-1-1446 | V43: شرق 5
A44: ادارة العمليات/الإدارة العامة للدفاع المدني بمحافظة جدة | B44: شعبة الدفاع المدني الميدانية بالإسكان الجنوبي | C44: 1104700010001 | D44: سيارة اسعاف صالون جمس | E44: ب ل ص 9475 | F44: 2005 | G44: رسمية - اصفر | H44: صالون | I44: 3GKFK16T05G272258 | J44: شعبة الإسكان الجنوبي | K44: عطلانة | L44: بطاريات | M44: بطاريات | N44: 4-5-1447 | V44: إسكان 1
A45: ادارة العمليات/الإدارة العامة للدفاع المدني بمحافظة جدة | B45: قسم الدعم والإسناد الثاني | C45: 1106700020003 | D45: وايت سكس مرسيدس بمضخه وقاذف | E45: أ ن ب 3894 | F45: 2013 | G45: رسمية - اصفر | H45: صهريج سكس | I45: WDAKHAAA2DL713777 | J45: شعبة الحمدانية | K45: عطلانة | L45: أخرى | M45: كسر في الفلتر والرفرف | N45: 4-3-1447 | P45: الاسناد | Q45: شمال 5 | V45: إسكان 2
A46: ادارة العمليات/الإدارة العامة للدفاع المدني بمحافظة جدة | B46: قسم الدعم والإسناد الثاني | C46: 1207700040006 | D46: سيارة رآس تريلا سكس مان | E46: ا ن د 4774 | F46: 2013 | G46: رسمية - اصفر | H46: تريلا | I46: WMA26WZZ6DM613818 | J46: مركز الدعم والاسناد الأول والثاني والثالث | K46: عطلانة | L46: ميكانيكي | M46: عطل في بستم ذراع اللوبد | N46: 4-3-1447 | V46: إسكان 3
A47: ادارة العمليات/الإدارة العامة للدفاع المدني بمحافظة جدة | B47: شعبة الدفاع المدني الميدانية بالسالمية | C47: 1106700010003 | D47: وايت عادي مرسيدس بمضخة وقاذف | E47: ا د م 2212 | F47: 1991 | G47: رسمية - اصفر | H47: صهريج عادي | I47: WDB34600152728925 | J47: شعبة السالمية | K47: تم الاصلاح | N47: 4-3-1447 | O47: 12-5-1447 | P47: تم الإصلاح بتاريخ 12-5-1447 | Q47: سالمية 4 | V47: إسكان 4
A48: الدفاع المدني/مديرية منطقة مكة المكرمة/الإدارة العامة للدفاع المدني بمحافظة جدة | B48: مركز الدفاع المدني بحى بني مالك | C48: 1101700010006 | D48: سيارة اطفاء وانقاذ مزدوجة كومندر | E48: ا ن ل 1469 | F48: 2012 | G48: رسمية - اصفر | H48: سيارة اطفاء | I48: 54F2AA503CWE10125 | J48: شعبة العزيزية | K48: عطلانة | L48: ميكانيكي | M48: بلف الفرامل | N48: 4-2-1447 | Q48: وسط 4 | V48: إسكان 5
A49: ادارة العمليات/الإدارة العامة للدفاع المدني بمحافظة جدة | B49: شعبة الدفاع المدني الميدانية بالإسكان الجنوبي | C49: 1204700010003 | D49: سيارة جيب 2 باب نيسان رسمي | E49: ا م ط 6540 | F49: 2006 | G49: رسمية - اصفر | H49: جيب | I49: JN8BY14Y06X525619 | J49: شعبة الإسكان الجنوبي | K49: عطلانة | L49: ميكانيكي | M49: تهريب في ماء الرديتر | N49: 3-9-1446 | Q49: إسكان 1 | V49: صناعية 1
A50: ادارة العمليات/الإدارة العامة للدفاع المدني بمحافظة جدة | B50: قسم الدعم والإسناد الأول | C50: 1106700010010 | D50: وايت عادي اكتروس بمضخه وقاذف | E50: س ق ه 681 | F50: 2005 | G50: رسمية - اصفر | H50: صهريج عادي | I50: WDB9300131K919555 | J50: مركز الدعم والاسناد الأول والثاني والثالث | K50: تحت إجراءات الرجيع | L50: تجديد ودهان | M50: يحتاج الى غيار الغمارة وتجديد التانكي | N50: 3-6-1442 | Q50: مركز الدعم والاسناد الأول والثاني والثالث | V50: صناعية 2
A51: ادارة العمليات/الإدارة العامة للدفاع المدني بمحافظة جدة | B51: شعبة الدفاع المدني الميدانية بالمروة | C51: 1106700010003 | D51: وايت عادي مرسيدس بمضخة وقاذف | E51: ا د م 2203 | F51: 1989 | G51: رسمية - اصفر | H51: صهريج عادي | I51: 34600155410132 | J51: شعبة المروة | K51: عطلانة | L51: ميكانيكي | M51: تنسيم هواء الجلنط - دودة الدركسون | N51: 3-4-1447 | Q51: صفا 5 | V51: صناعية 3
A52: ادارة العمليات/الإدارة العامة للدفاع المدني بمحافظة جدة | B52: قسم الدعم والإسناد الثالث | C52: 1201700020002 | D52: وايت ماء سقيا سكس مان | E52: ا ى ن 3852 | F52: 2015 | G52: رسمية - اصفر | H52: صهريج سكس (32) م2 | I52: RS076WZZXFD008481 | J52: شعبة أبحر | K52: عطلانة | L52: أخرى | M52: تهريب بلف الغطاس | N52: 3-4-1446 | P52: الاسناد | Q52: ابحر 1 | V52: صناعية 4
A53: ادارة العمليات/الإدارة العامة للدفاع المدني بمحافظة جدة | B53: شعبة الدفاع المدني الميدانية بالشاطئ | C53: 1204700010003 | D53: سيارة جيب 2 باب نيسان رسمي | E53: ا ل ع 1060 | F53: 2009 | G53: رسمية - اصفر | H53: جيب | I53: JN8BY14Y29X539588 | J53: شعبة الشاطئ | K53: عطلانة | L53: ميكانيكي | M53: صحن الكلتش | N53: 3-2-1447 | Q53: غرب 1 | V53: صناعية 5
A54: الدفاع المدني/مديرية منطقة مكة المكرمة/الإدارة العامة للدفاع المدني بمحافظة جدة | B54: مركز الدفاع المدني بالربوة | C54: 1106700020003 | D54: وايت سكس مرسيدس بمضخه وقاذف | E54: ا ه س 6583 | F54: 2013 | G54: رسمية - اصفر | H54: صهريج سكس | I54: WDAKHAAA3DL772417 | J54: ش الانامل | K54: عطلانة | L54: ميكانيكي | M54: تهريب في قربة الماء وليات الرديتر | N54: 3-2-1447 | Q54: صفا 3 | V54: خزام 1
A55: ادارة العمليات/الإدارة العامة للدفاع المدني بمحافظة جدة | B55: قسم الدعم والإسناد الثالث | C55: 1105700100001 | D55: سيارة فان افيكو رسمي للتجهيزات الفنية لوحدة الغواصين | E55: ب ا ح 2731 | F55: 2015 | G55: رسمية - اصفر | H55: فان | I55: ZCFC50AY6FD540305 | J55: شعبة البغدادية | K55: عطلانة | L55: بطاريات | M55: بطاريات | N55: 30-4-1447 | P55: البديل جيب من الشعبة | Q55: بلد 1 | V55: خزام 2
A56: الدفاع المدني/مديرية منطقة مكة المكرمة/الإدارة العامة للدفاع المدني بمحافظة جدة | B56: مركز الدفاع المدني بالمروة | C56: 1106700020003 | D56: وايت سكس مرسيدس بمضخه وقاذف | E56: ا ن ط 2479 | F56: 2013 | G56: رسمية - اصفر | H56: صهريج سكس | I56: WDAKHAAA9DL719091 | J56: الصيانة المركزية | K56: عطلانة | L56: ميكانيكي | M56: تهريب هواء | N56: 30-3-1447 | Q56: صفا 5 | V56: خزام 3
A57: ادارة العمليات/الإدارة العامة للدفاع المدني بمحافظة جدة | B57: قسم الدعم والإسناد الثالث | C57: 1101700010006 | D57: سيارة اطفاء كبيره روزنباور | E57: س ا ط 363 | F57: 2003 | G57: رسمية - اصفر | H57: سيارة اطفاء | I57: 44KFT42883WZ20126 | J57: مركز الدعم والاسناد الأول والثاني والثالث | K57: تحت إجراءات الرجيع | L57: مضخات | M57: المضخة + يحتاج الى تجديد | N57: 30-3-1442 | Q57: مركز الدعم والاسناد الأول والثاني والثالث | V57: خزام 4
A58: ادارة العمليات/الإدارة العامة للدفاع المدني بمحافظة جدة | B58: شعبة الدفاع المدني الميدانية بالعزيزية | C58: 1104700020001 | D58: سيارة اسعاف فان جمس | E58: ا ه ب 4251 | F58: 2012 | G58: رسمية - اصفر وابيض | H58: فان | I58: 1GTW78CG0C1193679 | J58: شعبة العزيزية | K58: عطلانة | L58: كهربائي | M58: التماس كهربائي في الكابينة | N58: 30-1-1447 | Q58: وسط 1 | V58: خزام 5
A59: ادارة العمليات/الإدارة العامة للدفاع المدني بمحافظة جدة | B59: قسم الدعم والإسناد الأول | C59: 1102700010004 | D59: سيارات انقاذ كبيرة فورد | E59: ا ص م 3845 | F59: 2010 | G59: رسمية - اصفر | H59: شاحنة | I59: 1FDWW3HY6AEA69487 | J59: شعبة العزيزية | K59: عطلانة | L59: كهربائي | M59: عطل في السلف | N59: 29-8-1446 | Q59: وسط 2 | V59: جنوب 1
A60: الدفاع المدني/مديرية منطقة مكة المكرمة/الإدارة العامة للدفاع المدني بمحافظة جدة | B60: مركز الدفاع المدني بالسالمية | C60: 1106700020003 | D60: وايت سكس مرسيدس بمضخه وقاذف | E60: أ ن ط 2496 | F60: 2013 | G60: رسمية - اصفر | H60: صهريج سكس | I60: WDAKHAAA5DL716852 | J60: مركز الدعم والاسناد الأول والثاني والثالث | K60: عطلانة | L60: حادث مروري | M60: حادث مروري | N60: 29-8-1439 | Q60: سالمية 1 | S60: شعبة الصناعية / مركز المرحلة الأولى | V60: جنوب 2
A61: ادارة العمليات/الإدارة العامة للدفاع المدني بمحافظة جدة | B61: قسم الدعم والإسناد الأول | C61: 1105700090001 | D61: سيارة بمروحة لدفع الهواء وطرد الدخان | E61: ا ل ط 1006 | F61: 2011 | G61: رسمية - اصفر | H61: اب اف 350 | I61: 1fduf5ht2bec59229 | J61: مركز الدعم والاسناد الأول والثاني والثالث | K61: تم الاصلاح | O61: 18-5-1447 | P61: تم الإصلاح من قبل الشعبة | Q61: مركز الدعم والاسناد الأول والثاني والثالث | V61: جنوب 3
A62: ادارة العمليات/الإدارة العامة للدفاع المدني بمحافظة جدة | B62: قسم الدعم والإسناد الأول | C62: 1105700100001 | D62: سيارة فان افيكو رسمي للتجهيزات الفنية لوحدة الغواصين | E62: ا ك ب 4812 | F62: 2010 | G62: رسمية - اصفر | H62: فان | I62: ZCFC50AD4B5836876 | J62: ورشة خارجية | K62: عطلانة | L62: أخرى | M62: تأخير في التشغيل | N62: 29-5-1446 | P62: بديل من الشعبة | Q62: شعبة الجامعة | V62: جنوب 4
A63: ادارة العمليات/الإدارة العامة للدفاع المدني بمحافظة جدة | B63: قسم الدعم والإسناد الثاني | C63: 1105700150001 | D63: شاحنة لأعمال التدخل والانقاذ في حوادث الزلازل | E63: أ ص م 3992 | F63: 2010 | G63: رسمية - اصفر | H63: شاحنة | I63: WDJA01932BN141507 | J63: شعبة البغدادية | K63: عطلانة | L63: أخرى | M63: عطل بلف الغطاس | N63: 29-4-1447 | P63: لايوجد بديل | Q63: بلد 1 | V63: جنوب 5
A64: الدفاع المدني/مديرية منطقة مكة المكرمة/الإدارة العامة للدفاع المدني بمحافظة جدة | B64: مركز الدفاع المدني بالخاسكية | C64: 1101700010006 | D64: سيارة اطفاء وانقاذ مزدوجة كومندر | E64: ب ب ق 2256 | F64: 2015 | G64: رسمية - اصفر | H64: سيارة اطفاء | I64: 54F2AA50XFWE11194 | J64: شعبة خزام | K64: عطلانة | L64: أخرى | M64: اعطال متعددة | N64: 29-4-1447 | P64: لايوجد بديل | Q64: خزام 2 | V64: ثول
A65: الدفاع المدني/مديرية منطقة مكة المكرمة/الإدارة العامة للدفاع المدني بمحافظة جدة | B65: مركز الدفاع المدني بالروضة | C65: 1101700010006 | D65: سيارة اطفاء وانقاذ مزدوجة كومندر | E65: ا و س 7247 | F65: 2013 | G65: رسمية - اصفر | H65: سيارة اطفاء | I65: 54F2AA503DWE10336 | J65: الصيانة المركزية | K65: عطلانة | L65: ميكانيكي | M65: عطل في كمبروسر الهواء | N65: 29-2-1447 | Q65: مجد 1 | S65: شعبة البغدادية / مركز البغدادية | V65: شعبة الحمدانية
A66: الدفاع المدني/مديرية منطقة مكة المكرمة/الإدارة العامة للدفاع المدني بمحافظة جدة | B66: مركز التدخل في المواد الخطرة بالصناعية | C66: 1205700030009 | D66: سيارة فان مصندق افيكو رسمي مزودة بروبوت للتدخل في المواد الخطرة | E66: ا ن و 1933 | F66: 2013 | G66: رسمية - اصفر | H66: فان | I66: ZCFC50AD2D5941113 | J66: الصيانة المركزية | K66: عطلانة | L66: كهربائي | M66: عطل في الدينمو | N66: 2-9-1446 | P66: الحماية - تدخل الإسكان | Q66: شعبة الإسكان الجنوبي
A67: ادارة العمليات/الإدارة العامة للدفاع المدني بمحافظة جدة | B67: قسم الدعم والإسناد الثالث | C67: 1102700010004 | D67: سيارات انقاذ كبيرة فورد | E67: ا ب م 7388 | F67: 2008 | G67: رسمية - اصفر | H67: شاحنة | I67: 1FDWW37Y88EB05353 | J67: مركز الدعم والاسناد الأول والثاني والثالث | K67: تحت إجراءات الرجيع | L67: ميكانيكي | M67: حرارة + تهريب مياه + سمكرة | N67: 2-9-1445 | Q67: مركز الدعم والاسناد الأول والثاني والثالث | V67: شعبة الحمدانية / مركز الحمدانية
A68: ادارة العمليات/الإدارة العامة للدفاع المدني بمحافظة جدة | B68: قسم الدعم والإسناد الثاني | C68: 1106700010003 | D68: وايت عادي مرسيدس بمضخة وقاذف | E68: ا ق ى 7533 | F68: 1988 | G68: رسمية - اصفر | H68: صهريج عادي | I68: 33208955346001 | J68: شعبة الإسكان الجنوبي | K68: عطلانة | L68: مضخات | M68: عطل في المحبس المغذي للمضخة | N68: 29-1-1447 | P68: الجهة الاسناد--إسكان 3 | Q68: شعبة الإسكان الجنوبي | V68: شعبة الحمدانية / مركز مخطط الرحيلي
A69: ادارة العمليات/الإدارة العامة للدفاع المدني بمحافظة جدة | B69: قسم الدعم والإسناد الثالث | C69: 1108700020001 | D69: غراف شيول وسط | E69: ا د ع 2018 | F69: 2015 | G69: رسمية - اصفر | H69: شيول | I69: 90C51512 | J69: مركز الدعم والاسناد الأول والثاني والثالث | K69: عطلانة | L69: كفرات | M69: بنشر كفر امامي يسار | N69: 29-1-1447 | V69: شعبة الحمدانية / مركز بريمان
A70: المديرية العامة للدفاع المدني للمواسم/الدفاع المدني/مديرية منطقة مكة المكرمة | B70: مركز السلامة الميدانية بالسالمية | C70: 1204700020009 | D70: سيارة جيب 4 باب ديهاتسو رسمي | E70: ح م ح 4415 | F70: 2016 | G70: رسمية - اصفر | H70: يتريوس | I70: JD2GJ5220G3013021 | J70: شعبة العزيزية | K70: عطلانة | L70: ميكانيكي | M70: عدم تغيير النمر + لمبة القير | N70: 28-3-1447 | Q70: وسط 1 | V70: شعبة الحمدانية / مركز حي الرياض
A71: الدفاع المدني/مديرية منطقة مكة المكرمة/الإدارة العامة للدفاع المدني بمحافظة جدة | B71: مركز الدفاع المدني بأبحر الجنوبية | C71: 1101700010006 | D71: سيارة اطفاء وانقاذ مزدوجة كومندر | E71: ا و م 2884 | F71: 2014 | G71: رسمية - اصفر | H71: سيارة اطفاء | I71: 54F2AA504EWE10623 | J71: شعبة أبحر | K71: عطلانة | L71: حادث مروري | M71: حادث مروري | N71: 28-2-1445 | Q71: ابحر 1 | V71: شعبة الحمدانية / مركز ذهبان
A72: الدفاع المدني/مديرية منطقة مكة المكرمة/الإدارة العامة للدفاع المدني بمحافظة جدة | B72: مركز الدفاع المدني بقصر الجزيرة بثول | C72: 1101700030005 | D72: سيارة اطفاء وانقاذ مزدوجه مرسيدس | E72: س ى ط 435 | F72: 2003 | G72: رسمية - اصفر | H72: سيارة اطفاء | I72: WDB9300141K843650 | J72: مركز ثول | K72: تحت إجراءات الرجيع | L72: أخرى | M72: اعطال متعددة | N72: 28-2-1440 | Q72: مجد 2 | V72: شعبة العزيزية
A73: ادارة العمليات/الإدارة العامة للدفاع المدني بمحافظة جدة | B73: قسم الدعم والإسناد الثالث | C73: 1101700010006 | D73: سيارة اطفاء وانقاذ مزدوجة كومندر | E73: ا ص م 3838 | F73: 2010 | G73: رسمية - اصفر | H73: سيارة اطفاء | I73: 44KFT4287AWZ21801 | J73: مركز الدعم والاسناد الأول والثاني والثالث | K73: عطلانة | L73: مضخات | M73: عطل في البرايمر | N73: 28-1-1447 | V73: شعبة العزيزية / مركز العزيزية
A74: ادارة العمليات/الإدارة العامة للدفاع المدني بمحافظة جدة | B74: قسم الدعم والإسناد الثالث | C74: 1101700010006 | D74: سيارة اطفاء وانقاذ مزدوجة كومندر | E74: ا ع ك 7448 | F74: 2013 | G74: رسمية - اصفر | H74: سيارة اطفاء | I74: 54F2AA507DWE10288 | J74: مركز الدعم والاسناد الأول والثاني والثالث | K74: عطلانة | L74: ميكانيكي | M74: عطل في الهوبات والكفرات | N74: 28-1-1446 | V74: شعبة العزيزية / مركز الرحاب
A75: ادارة العمليات/الإدارة العامة للدفاع المدني بمحافظة جدة | B75: شعبة الدفاع المدني الميدانية بالشاطئ | C75: 1105700010002 | D75: سيارة سلالم 52 متر | E75: ا ا ر 4625 | F75: 2008 | G75: رسمية - اصفر | H75: شاحنة | I75: WJME2NST20C184936 | J75: شعبة الشاطئ | K75: عطلانة | L75: ميكانيكي | M75: عطل في السلة | N75: 27-7-1446 | Q75: غرب 1 | V75: شعبة العزيزية / مركز بني مالك
A76: ادارة العمليات/الإدارة العامة للدفاع المدني بمحافظة جدة | B76: قسم الدعم والإسناد الثالث | C76: 1108700020001 | D76: غراف شيول وسط | E76: ا س ق 2409 | F76: 1980 | G76: رسمية - اصفر | H76: شيول | I76: 1359 | J76: مركز الدعم والاسناد الأول والثاني والثالث | K76: صدر قرار الرجيع | L76: أخرى | M76: اعطال متنوعة | N76: 27-5-1442 | Q76: مركز الدعم والاسناد الأول والثاني والثالث | V76: شعبة العزيزية / مركز النسيم
A77: ادارة العمليات/الإدارة العامة للدفاع المدني بمحافظة جدة | B77: قسم الدعم والإسناد الثالث | C77: 1108700020001 | D77: غراف شيول وسط | E77: ا س ق 2412 | F77: 1980 | G77: رسمية - اصفر | H77: شيول | I77: 60474 | J77: شعبة الحمدانية / مركز ذهبان | K77: صدر قرار الرجيع | L77: أخرى | M77: اعطال متنوعة | N77: 27-5-1442 | Q77: مركز الدعم والاسناد الأول والثاني والثالث | V77: شعبة العزيزية / مركز حي مشرفة
A78: ادارة العمليات/الإدارة العامة للدفاع المدني بمحافظة جدة | B78: قسم الدعم والإسناد الثاني | C78: 1106700020003 | D78: وايت سكس مرسيدس بمضخه وقاذف | E78: ا ك ى 1593 | F78: 2011 | G78: رسمية - اصفر | H78: صهريج سكس | I78: WDAKHAAA7BL566711 | J78: شعبة خزام | K78: عطلانة | L78: برمجة | M78: لايقبل دعسه ويحتاج الى برمجه | N78: 27-4-1447 | Q78: خزام 4 | V78: شعبة أبحر
A79: الدفاع المدني/مديرية منطقة مكة المكرمة/الإدارة العامة للدفاع المدني بمحافظة جدة | B79: مركز الدفاع المدني بالاسواق الشعبية | C79: 1106700020003 | D79: وايت سكس مرسيدس بمضخه وقاذف | E79: ا و م 4089 | F79: 2014 | G79: رسمية - اصفر | H79: صهريج سكس | I79: WDAKHAAA0EL861766 | J79: شعبة الصناعية | K79: عطلانة | L79: كفرات | M79: كفرات | N79: 27-4-1447 | P79: يوجد بديل من شعبة السالمية | Q79: صناعية 3 | V79: شعبة أبحر / مركز أبحر الجنوبية
A80: الدفاع المدني/مديرية منطقة مكة المكرمة/الإدارة العامة للدفاع المدني بمحافظة جدة | B80: مركز الدفاع المدني بحى الحرازات الشمالي | C80: 1106700020003 | D80: وايت سكس مرسيدس بمضخه وقاذف | E80: ا ن ب 3896 | F80: 2013 | G80: رسمية - اصفر | H80: صهريج سكس | I80: WDAKHAAA6DL715791 | J80: شعبة الجامعة | K80: عطلانة | L80: ميكانيكي | M80: عطل بالدركسون | N80: 27-2-1447 | Q80: شرق 1 | S80: الصيانة المركزية | V80: شعبة أبحر / مركز أبحر الشمالية
A81: الدفاع المدني/مديرية منطقة مكة المكرمة/الإدارة العامة للدفاع المدني بمحافظة جدة | B81: مركز الدفاع المدني بالكورنيش الجنوبي | C81: 1106700010002 | D81: وايت عادي مرسيدس بمضخة | E81: ا د م 2805 | F81: 1992 | G81: رسمية - اصفر | H81: صهريج عادي | I81: WDB34600155750633 | J81: شعبة الساحل الجنوبي | K81: عطلانة | L81: ميكانيكي | M81: عطل الاقمشة وهوبات و بلف الدعسة | N81: 27-12-1446 | Q81: جنوب 2 | S81: شعبة السالمية / مركز المنار | V81: شعبة أبحر / مركز المحمدية
A82: ادارة العمليات/الإدارة العامة للدفاع المدني بمحافظة جدة | B82: قسم الدعم والإسناد الأول | C82: 1106700010003 | D82: وايت عادي مرسيدس بمضخة وقاذف | E82: ا د م 2832 | F82: 1992 | G82: رسمية - اصفر | H82: صهريج عادي | I82: WDB34600155905228 | J82: شعبة البغدادية | K82: عطلانة | L82: ميكانيكي | M82: طرمبة المويه + الرديتر+الكفر الخلفي | N82: 27-1-1447 | Q82: بلد 2 | V82: شعبة أبحر / مركز درة العروس
A83: الدفاع المدني/مديرية منطقة مكة المكرمة/الإدارة العامة للدفاع المدني بمحافظة جدة | B83: مركز الدفاع المدني بالصناعية الثانية | C83: 1106700020003 | D83: وايت سكس مرسيدس بمضخه وقاذف | E83: ا ن ط 2503 | F83: 2013 | G83: رسمية - اصفر | H83: صهريج سكس | I83: WDAKHAAA0DL716855 | J83: الصيانة المركزية | K83: تم الاصلاح | O83: 19-5-1447 | Q83: جنوب 2 | S83: شعبة الشاطئ / مركز النهضة | V83: شعبة البغدادية
A84: الدفاع المدني/مديرية منطقة مكة المكرمة/الإدارة العامة للدفاع المدني بمحافظة جدة | B84: مركز الدفاع المدني بالكورنيش الجنوبي | C84: 1106700010003 | D84: وايت عادي مرسيدس بمضخة وقاذف | E84: ا د م 2815 | F84: 1992 | G84: رسمية - اصفر | H84: صهريج عادي | I84: 34600155905199 | J84: شعبة الساحل الجنوبي | K84: صدر قرار الرجيع | L84: أخرى | M84: اعطال متنوعة | N84: 26-2-1447 | Q84: جنوب 1 | S84: شعبة السالمية / مركز السامر | V84: شعبة البغدادية / مركز البغدادية
A85: الدفاع المدني/مديرية منطقة مكة المكرمة/الإدارة العامة للدفاع المدني بمحافظة جدة | B85: مركز الدفاع المدني بقصر الجزيرة بثول | C85: 1102700010004 | D85: سيارات انقاذ كبيرة فورد | E85: ص ل ع 255 | F85: 2006 | G85: رسمية - اصفر | H85: فان | I85: 1FDWW37Y16EC99611 | J85: ش الانامل | K85: عطلانة | L85: ميكانيكي | M85: عطل بالجيربوكس | N85: 26-2-1445 | P85: بديل من ثول | Q85: مجد 2 | V85: شعبة البغدادية / مركز الحمراء
A86: الدفاع المدني/مديرية منطقة مكة المكرمة/الإدارة العامة للدفاع المدني بمحافظة جدة | B86: مركز الدفاع المدني بالسامر | C86: 1204700020003 | D86: سيارة جيب 4 باب نيسان رسمي | E86: ا ن ل 6579 | F86: 2009 | G86: رسمية - اصفر | H86: جيب | I86: JN6BY11Y19X518230 | J86: شعبة السالمية | K86: عطلانة | L86: أخرى | M86: ارتفاع الحرارة | N86: 26-1-1447 | Q86: سالمية 4 | V86: شعبة البغدادية / مركز باب مكة
A87: الإدارة العامة للدفاع المدني بمحافظة جدة/مديرية منطقة مكة المكرمة | B87: مركز الدفاع المدني بالبحارة بثول | C87: 1106700020010 | D87: وايت سكس اكتروس بمضخه وقاذف | E87: ص ه م 268 | F87: 2007 | G87: رسمية - اصفر | H87: صهريج عادي | I87: WDB9301635L162534 | J87: مركز ثول | K87: عطلانة | L87: ميكانيكي | M87: عطل في الجيربوكس | N87: 26-11-1446 | Q87: ثول | V87: شعبة البغدادية / مركز الأندلس
A88: ادارة العمليات/الإدارة العامة للدفاع المدني بمحافظة جدة | B88: شعبة الدفاع المدني الميدانية بالجامعة | C88: 1204700020003 | D88: سيارة جيب 4 باب نيسان رسمي | E88: ا ع ا 9362 | F88: 1998 | G88: رسمية - اخضر | H88: جيب | I88: JN17AS761Z0400608 | J88: شعبة الجامعة | K88: عطلانة | L88: أخرى | M88: يطفئ فجأة | N88: 26-11-1446 | Q88: شرق 1 | V88: شعبة البغدادية / مركز إسكان الشرفية
A89: المديرية العامة للدفاع المدني للمواسم/الدفاع المدني/مديرية منطقة مكة المكرمة | B89: مركز السلامة الميدانية بالخزام | C89: 1204700020009 | D89: سيارة جيب 4 باب ديهاتسو رسمي | E89: ح ن ب 9077 | F89: 2016 | G89: رسمية - اصفر | H89: يتريوس | I89: JD2GJ5229G3013213 | J89: الصيانة المركزية | K89: عطلانة | L89: أخرى | M89: لمبة الزيت | N89: 26-10-1446 | Q89: خزام 1 | V89: شعبة الإسكان الجنوبي
A90: ادارة العمليات/الإدارة العامة للدفاع المدني بمحافظة جدة | B90: قسم الدعم والإسناد الأول | C90: 1105700010002 | D90: سيارة سلالم 52 متر | E90: ا ر ر 9193 | F90: 2008 | G90: رسمية - اصفر | H90: شاحنة | I90: WJME2NST20C185158 | J90: مركز الدعم والاسناد الأول والثاني والثالث | K90: تم الاصلاح | N90: 25-5-1443 | O90: 13-5-1447 | P90: تم الإصلاح بتاريخ 13-5-1447 | Q90: مركز الدعم والاسناد الأول والثاني والثالث | R90: تم الاصلاح | T90: كفرات | V90: شعبة الاسكان / مركز الإسكان الجنوبي
A91: ادارة العمليات/الإدارة العامة للدفاع المدني بمحافظة جدة | B91: شعبة الدفاع المدني الميدانية بالصناعية | C91: 1204700010003 | D91: سيارة جيب 2 باب نيسان رسمي | E91: ا ل ح 9008 | F91: 2009 | G91: رسمية - اصفر | H91: جيب | I91: JN8BY14Y79X539540 | J91: شعبة الصناعية | K91: عطلانة | L91: أخرى | M91: عطل في طرمبة البزين | N91: 25-4-1447 | P91: بديل من الشعبة | Q91: صناعية 1 | V91: شعبة الاسكان / مركز أم السلم
A92: ادارة العمليات/الإدارة العامة للدفاع المدني بمحافظة جدة | B92: قسم الدعم والإسناد الثاني | C92: 1102700010004 | D92: سيارات انقاذ كبيرة فورد | E92: ا ح ع 3182 | F92: 2008 | G92: رسمية - اصفر | H92: شاحنة | I92: 1FDWW37Y28EB05381 | J92: مركز الدعم والاسناد الأول والثاني والثالث | K92: تحت إجراءات الرجيع | L92: أخرى | M92: الادراج | N92: 25-2-1443 | Q92: مركز الدعم والاسناد الأول والثاني والثالث | V92: شعبة الاسكان / مركز الألفية
A93: الدفاع المدني/مديرية منطقة مكة المكرمة/الإدارة العامة للدفاع المدني بمحافظة جدة | B93: مركز الدفاع المدني بطريق الساحل | C93: 1106700020003 | D93: وايت سكس مرسيدس بمضخه وقاذف | E93: ب ا د 8343 | F93: 2015 | G93: رسمية - اصفر | H93: صهريج سكس | I93: WDAKHAAA2FL921404 | J93: شعبة الساحل الجنوبي | K93: عطلانة | L93: حادث مروري | M93: حادث مروري | N93: 25-11-1442 | P93: يوجد بديل من الاسناد | Q93: جنوب 1 | S93: شعبة الشاطئ / مركز حي السلامة | V93: شعبة الاسكان / مركز الحرازات الشرقي
A94: ادارة العمليات/الإدارة العامة للدفاع المدني بمحافظة جدة | B94: شعبة الدفاع المدني الميدانية بالخزام | C94: 1104700020004 | D94: سيارة اسعاف فان فورد | E94: ا د ن 5244 | F94: 2008 | G94: رسمية - اصفر | H94: فان | I94: 1FDSS34P98DB11903 | J94: مركز الدعم والاسناد الأول والثاني والثالث | K94: عطلانة | L94: ميكانيكي | M94: اعطال ميكانيكية وكهرباء | N94: 25-10-1445 | P94: الجهة الاسناد | Q94: خزام 1 | V94: شعبة الاسكان / مركز المحاميد
A95: ادارة العمليات/الإدارة العامة للدفاع المدني بمحافظة جدة | B95: قسم الدعم والإسناد الأول | C95: 1209700010004 | D95: سيارة ونش سحب مرسيدس سكس | E95: ب ا د 4513 | F95: 2015 | G95: رسمية - اصفر | H95: ونش | I95: WDASHAAA3FL921086 | J95: الشؤون الفنية | K95: تم الاصلاح | O95: 15-5-1447 | P95: تم اصلاح عطل الكفرات | Q95: مركز الدعم والاسناد الأول والثاني والثالث | V95: شعبة الصناعية
A96: الدفاع المدني/مديرية منطقة مكة المكرمة/الإدارة العامة للدفاع المدني بمحافظة جدة | B96: مركز الدفاع المدني بالأسكان الجنوبي | C96: 1102700020004 | D96: سيارات انقاذ صغيرة فورد | E96: ب ا ق 5918 | F96: 2015 | G96: رسمية - اصفر | H96: اب اف 350 | I96: 1FD8W3H65FEB41200 | J96: الصيانة المركزية | K96: عطلانة | L96: ميكانيكي | M96: عطل في المكينة | N96: 24-7-1446 | P96: يوجد بيل من الشعبة | V96: شعبة الصناعية / مركز المرحلة الأولى
A97: ادارة العمليات/الإدارة العامة للدفاع المدني بمحافظة جدة | B97: قسم الدعم والإسناد الثاني | C97: 1105700030001 | D97: سيارة غرفة عمليات ميدانية | E97: ا ص م 3816 | F97: 1982 | G97: رسمية - اصفر | H97: صهريج عادي | I97: 343603155023285 | J97: مركز الدعم والاسناد الأول والثاني والثالث | K97: تم الاصلاح | N97: 24-7-1445 | O97: 12-5-1447 | P97: تم الإصلاح بتاريخ 12-5-1447 | Q97: مركز الدعم والاسناد الأول والثاني والثالث | V97: شعبة الصناعية / مركز الصناعية الثانية
A98: الدفاع المدني/مديرية منطقة مكة المكرمة/الإدارة العامة للدفاع المدني بمحافظة جدة | B98: مركز الدفاع المدني بالحمراء | C98: 1106700010010 | D98: وايت عادي اكتروس بمضخه وقاذف | E98: ح س ل 107 | F98: 2003 | G98: رسمية - اصفر | H98: صهريج عادي | I98: WDB9500131K798003 | J98: شعبة البغدادية | K98: صدر قرار الرجيع | L98: مضخات | M98: المضخة + اعطال ميكانيكية | N98: 24-4-1444 | Q98: بلد 1 | S98: شعبة الجامعة / مركز الروابي | V98: شعبة الصناعية / مركز الأسواق الشعبية
A99: ادارة العمليات/الإدارة العامة للدفاع المدني بمحافظة جدة | B99: قسم الدعم والإسناد الأول | C99: 1107700010001 | D99: رافعة 50 طن | E99: ا ق ى 7557 | F99: 2006 | G99: رسمية - اصفر | H99: كرين | I99: JTX4255A660DC0024 | J99: مركز الدعم والاسناد الأول والثاني والثالث | K99: عطلانة | L99: ميكانيكي | M99: رصاصات الواير | N99: 24-2-1447 | V99: شعبة الصناعية / مركز السنابل
A100: ادارة العمليات/الإدارة العامة للدفاع المدني بمحافظة جدة | B100: قسم الدعم والإسناد الثالث | C100: 1104700020004 | D100: سيارة اسعاف فان فورد | E100: ا د ن 5361 | F100: 2008 | G100: رسمية - اصفر | H100: فان | I100: 1FDSS34p38DB11900 | J100: مركز الدعم والاسناد الأول والثاني والثالث | K100: عطلانة | L100: كهربائي | M100: اسلاك الظفيرة +تغيير الكفرات | N100: 24-2-1445 | V100: شعبة الصناعية / مركز الصناعية الثانية
...
